--
-- PostgreSQL database dump
--

-- Dumped from database version 17.4 (Debian 17.4-1.pgdg120+2)
-- Dumped by pg_dump version 17.4 (Debian 17.4-1.pgdg120+2)

SET statement_timeout = 0;
SET lock_timeout = 0;
SET idle_in_transaction_session_timeout = 0;
SET transaction_timeout = 0;
SET client_encoding = 'UTF8';
SET standard_conforming_strings = on;
SELECT pg_catalog.set_config('search_path', '', false);
SET check_function_bodies = false;
SET xmloption = content;
SET client_min_messages = warning;
SET row_security = off;

SET default_tablespace = '';

SET default_table_access_method = heap;

--
-- Name: auth_group; Type: TABLE; Schema: public; Owner: cozy_user
--

CREATE TABLE public.auth_group (
    id integer NOT NULL,
    name character varying(150) NOT NULL
);


ALTER TABLE public.auth_group OWNER TO cozy_user;

--
-- Name: auth_group_id_seq; Type: SEQUENCE; Schema: public; Owner: cozy_user
--

ALTER TABLE public.auth_group ALTER COLUMN id ADD GENERATED BY DEFAULT AS IDENTITY (
    SEQUENCE NAME public.auth_group_id_seq
    START WITH 1
    INCREMENT BY 1
    NO MINVALUE
    NO MAXVALUE
    CACHE 1
);


--
-- Name: auth_group_permissions; Type: TABLE; Schema: public; Owner: cozy_user
--

CREATE TABLE public.auth_group_permissions (
    id bigint NOT NULL,
    group_id integer NOT NULL,
    permission_id integer NOT NULL
);


ALTER TABLE public.auth_group_permissions OWNER TO cozy_user;

--
-- Name: auth_group_permissions_id_seq; Type: SEQUENCE; Schema: public; Owner: cozy_user
--

ALTER TABLE public.auth_group_permissions ALTER COLUMN id ADD GENERATED BY DEFAULT AS IDENTITY (
    SEQUENCE NAME public.auth_group_permissions_id_seq
    START WITH 1
    INCREMENT BY 1
    NO MINVALUE
    NO MAXVALUE
    CACHE 1
);


--
-- Name: auth_permission; Type: TABLE; Schema: public; Owner: cozy_user
--

CREATE TABLE public.auth_permission (
    id integer NOT NULL,
    name character varying(255) NOT NULL,
    content_type_id integer NOT NULL,
    codename character varying(100) NOT NULL
);


ALTER TABLE public.auth_permission OWNER TO cozy_user;

--
-- Name: auth_permission_id_seq; Type: SEQUENCE; Schema: public; Owner: cozy_user
--

ALTER TABLE public.auth_permission ALTER COLUMN id ADD GENERATED BY DEFAULT AS IDENTITY (
    SEQUENCE NAME public.auth_permission_id_seq
    START WITH 1
    INCREMENT BY 1
    NO MINVALUE
    NO MAXVALUE
    CACHE 1
);


--
-- Name: auth_user; Type: TABLE; Schema: public; Owner: cozy_user
--

CREATE TABLE public.auth_user (
    id integer NOT NULL,
    password character varying(128) NOT NULL,
    last_login timestamp with time zone,
    is_superuser boolean NOT NULL,
    username character varying(150) NOT NULL,
    first_name character varying(150) NOT NULL,
    last_name character varying(150) NOT NULL,
    email character varying(254) NOT NULL,
    is_staff boolean NOT NULL,
    is_active boolean NOT NULL,
    date_joined timestamp with time zone NOT NULL
);


ALTER TABLE public.auth_user OWNER TO cozy_user;

--
-- Name: auth_user_groups; Type: TABLE; Schema: public; Owner: cozy_user
--

CREATE TABLE public.auth_user_groups (
    id bigint NOT NULL,
    user_id integer NOT NULL,
    group_id integer NOT NULL
);


ALTER TABLE public.auth_user_groups OWNER TO cozy_user;

--
-- Name: auth_user_groups_id_seq; Type: SEQUENCE; Schema: public; Owner: cozy_user
--

ALTER TABLE public.auth_user_groups ALTER COLUMN id ADD GENERATED BY DEFAULT AS IDENTITY (
    SEQUENCE NAME public.auth_user_groups_id_seq
    START WITH 1
    INCREMENT BY 1
    NO MINVALUE
    NO MAXVALUE
    CACHE 1
);


--
-- Name: auth_user_id_seq; Type: SEQUENCE; Schema: public; Owner: cozy_user
--

ALTER TABLE public.auth_user ALTER COLUMN id ADD GENERATED BY DEFAULT AS IDENTITY (
    SEQUENCE NAME public.auth_user_id_seq
    START WITH 1
    INCREMENT BY 1
    NO MINVALUE
    NO MAXVALUE
    CACHE 1
);


--
-- Name: auth_user_user_permissions; Type: TABLE; Schema: public; Owner: cozy_user
--

CREATE TABLE public.auth_user_user_permissions (
    id bigint NOT NULL,
    user_id integer NOT NULL,
    permission_id integer NOT NULL
);


ALTER TABLE public.auth_user_user_permissions OWNER TO cozy_user;

--
-- Name: auth_user_user_permissions_id_seq; Type: SEQUENCE; Schema: public; Owner: cozy_user
--

ALTER TABLE public.auth_user_user_permissions ALTER COLUMN id ADD GENERATED BY DEFAULT AS IDENTITY (
    SEQUENCE NAME public.auth_user_user_permissions_id_seq
    START WITH 1
    INCREMENT BY 1
    NO MINVALUE
    NO MAXVALUE
    CACHE 1
);


--
-- Name: core_appartype; Type: TABLE; Schema: public; Owner: cozy_user
--

CREATE TABLE public.core_appartype (
    id bigint NOT NULL,
    slug character varying(255) NOT NULL,
    app_type character varying(63) NOT NULL
);


ALTER TABLE public.core_appartype OWNER TO cozy_user;

--
-- Name: core_appartype_id_seq; Type: SEQUENCE; Schema: public; Owner: cozy_user
--

ALTER TABLE public.core_appartype ALTER COLUMN id ADD GENERATED BY DEFAULT AS IDENTITY (
    SEQUENCE NAME public.core_appartype_id_seq
    START WITH 1
    INCREMENT BY 1
    NO MINVALUE
    NO MAXVALUE
    CACHE 1
);


--
-- Name: core_infos; Type: TABLE; Schema: public; Owner: cozy_user
--

CREATE TABLE public.core_infos (
    id bigint NOT NULL,
    title character varying(56),
    description text NOT NULL
);


ALTER TABLE public.core_infos OWNER TO cozy_user;

--
-- Name: core_infos_id_seq; Type: SEQUENCE; Schema: public; Owner: cozy_user
--

ALTER TABLE public.core_infos ALTER COLUMN id ADD GENERATED BY DEFAULT AS IDENTITY (
    SEQUENCE NAME public.core_infos_id_seq
    START WITH 1
    INCREMENT BY 1
    NO MINVALUE
    NO MAXVALUE
    CACHE 1
);


--
-- Name: core_location; Type: TABLE; Schema: public; Owner: cozy_user
--

CREATE TABLE public.core_location (
    id bigint NOT NULL,
    slug character varying(255) NOT NULL,
    city character varying(63) NOT NULL,
    image character varying(100)
);


ALTER TABLE public.core_location OWNER TO cozy_user;

--
-- Name: core_location_id_seq; Type: SEQUENCE; Schema: public; Owner: cozy_user
--

ALTER TABLE public.core_location ALTER COLUMN id ADD GENERATED BY DEFAULT AS IDENTITY (
    SEQUENCE NAME public.core_location_id_seq
    START WITH 1
    INCREMENT BY 1
    NO MINVALUE
    NO MAXVALUE
    CACHE 1
);


--
-- Name: core_properties; Type: TABLE; Schema: public; Owner: cozy_user
--

CREATE TABLE public.core_properties (
    id bigint NOT NULL,
    slug character varying(255) NOT NULL,
    permit_number bigint NOT NULL,
    status character varying(50),
    amenities jsonb NOT NULL,
    completion_status character varying(150),
    subtype character varying(50),
    ref character varying(50),
    title character varying(150) NOT NULL,
    description text NOT NULL,
    size character varying(50),
    size_unit character varying(50),
    price character varying(50),
    furnished character varying(50),
    bedrooms character varying(50),
    bathroom character varying(50),
    is_imported boolean NOT NULL,
    off_plan boolean NOT NULL,
    appartment_type_id bigint,
    location_id bigint NOT NULL,
    sub_location_id bigint,
    agent_id bigint,
    tower_name_id bigint,
    offering_type character varying(10),
    price_on_application boolean NOT NULL,
    property_type character varying(10),
    geopoints character varying(150)
);


ALTER TABLE public.core_properties OWNER TO cozy_user;

--
-- Name: core_properties_id_seq; Type: SEQUENCE; Schema: public; Owner: cozy_user
--

ALTER TABLE public.core_properties ALTER COLUMN id ADD GENERATED BY DEFAULT AS IDENTITY (
    SEQUENCE NAME public.core_properties_id_seq
    START WITH 1
    INCREMENT BY 1
    NO MINVALUE
    NO MAXVALUE
    CACHE 1
);


--
-- Name: core_propertyimage; Type: TABLE; Schema: public; Owner: cozy_user
--

CREATE TABLE public.core_propertyimage (
    id bigint NOT NULL,
    image character varying(100),
    caption character varying(255),
    sort_order integer NOT NULL,
    property_id bigint NOT NULL,
    CONSTRAINT core_propertyimage_sort_order_check CHECK ((sort_order >= 0))
);


ALTER TABLE public.core_propertyimage OWNER TO cozy_user;

--
-- Name: core_propertyimage_id_seq; Type: SEQUENCE; Schema: public; Owner: cozy_user
--

ALTER TABLE public.core_propertyimage ALTER COLUMN id ADD GENERATED BY DEFAULT AS IDENTITY (
    SEQUENCE NAME public.core_propertyimage_id_seq
    START WITH 1
    INCREMENT BY 1
    NO MINVALUE
    NO MAXVALUE
    CACHE 1
);


--
-- Name: core_sublocation; Type: TABLE; Schema: public; Owner: cozy_user
--

CREATE TABLE public.core_sublocation (
    id bigint NOT NULL,
    slug character varying(255) NOT NULL,
    name character varying(255) NOT NULL,
    location_id bigint NOT NULL
);


ALTER TABLE public.core_sublocation OWNER TO cozy_user;

--
-- Name: core_sublocation_id_seq; Type: SEQUENCE; Schema: public; Owner: cozy_user
--

ALTER TABLE public.core_sublocation ALTER COLUMN id ADD GENERATED BY DEFAULT AS IDENTITY (
    SEQUENCE NAME public.core_sublocation_id_seq
    START WITH 1
    INCREMENT BY 1
    NO MINVALUE
    NO MAXVALUE
    CACHE 1
);


--
-- Name: core_team; Type: TABLE; Schema: public; Owner: cozy_user
--

CREATE TABLE public.core_team (
    id bigint NOT NULL,
    name character varying(255) NOT NULL,
    email character varying(254),
    license_no character varying(50),
    phone character varying(50),
    picture character varying(100)
);


ALTER TABLE public.core_team OWNER TO cozy_user;

--
-- Name: core_team_id_seq; Type: SEQUENCE; Schema: public; Owner: cozy_user
--

ALTER TABLE public.core_team ALTER COLUMN id ADD GENERATED BY DEFAULT AS IDENTITY (
    SEQUENCE NAME public.core_team_id_seq
    START WITH 1
    INCREMENT BY 1
    NO MINVALUE
    NO MAXVALUE
    CACHE 1
);


--
-- Name: core_towername; Type: TABLE; Schema: public; Owner: cozy_user
--

CREATE TABLE public.core_towername (
    id bigint NOT NULL,
    slug character varying(255) NOT NULL,
    name character varying(255) NOT NULL,
    sublocation_id bigint NOT NULL
);


ALTER TABLE public.core_towername OWNER TO cozy_user;

--
-- Name: core_towername_id_seq; Type: SEQUENCE; Schema: public; Owner: cozy_user
--

ALTER TABLE public.core_towername ALTER COLUMN id ADD GENERATED BY DEFAULT AS IDENTITY (
    SEQUENCE NAME public.core_towername_id_seq
    START WITH 1
    INCREMENT BY 1
    NO MINVALUE
    NO MAXVALUE
    CACHE 1
);


--
-- Name: custom_project_projectcomunitydetails; Type: TABLE; Schema: public; Owner: cozy_user
--

CREATE TABLE public.custom_project_projectcomunitydetails (
    id bigint NOT NULL,
    project_detail_title character varying(256),
    project_detail_sub_title character varying(256),
    project_detail_description text,
    is_features boolean NOT NULL,
    project_id bigint
);


ALTER TABLE public.custom_project_projectcomunitydetails OWNER TO cozy_user;

--
-- Name: custom_project_projectcomunitydetails_id_seq; Type: SEQUENCE; Schema: public; Owner: cozy_user
--

ALTER TABLE public.custom_project_projectcomunitydetails ALTER COLUMN id ADD GENERATED BY DEFAULT AS IDENTITY (
    SEQUENCE NAME public.custom_project_projectcomunitydetails_id_seq
    START WITH 1
    INCREMENT BY 1
    NO MINVALUE
    NO MAXVALUE
    CACHE 1
);


--
-- Name: custom_project_projects; Type: TABLE; Schema: public; Owner: cozy_user
--

CREATE TABLE public.custom_project_projects (
    id bigint NOT NULL,
    project_title character varying(256),
    project_room_infos character varying(256),
    project_location_infos character varying(256),
    project_price_infos character varying(256),
    project_payment_plan_cunstruction character varying(50),
    project_payment_plan_handover character varying(50),
    project_brochur character varying(200),
    project_floorplan character varying(200),
    about_the_developper text,
    project_video character varying(100),
    poject_video_url character varying(150),
    has_gym boolean NOT NULL,
    has_pool boolean NOT NULL,
    has_private_pool boolean NOT NULL,
    has_private_parking boolean NOT NULL,
    has_laundry boolean NOT NULL,
    has_pet_friendly boolean NOT NULL,
    has_elevator boolean NOT NULL,
    has_security boolean NOT NULL,
    has_balcony boolean NOT NULL,
    has_air_conditioning boolean NOT NULL,
    has_heating boolean NOT NULL,
    has_dishwasher boolean NOT NULL,
    has_internet boolean NOT NULL,
    has_cable_tv boolean NOT NULL,
    has_fireplace boolean NOT NULL,
    has_furnished boolean NOT NULL,
    has_wheelchair_accessible boolean NOT NULL,
    has_hardwood_or_tiledfloor boolean NOT NULL,
    has_balcony_or_patio boolean NOT NULL,
    has_walk_in_closet boolean NOT NULL,
    has_modern_kitchen_appliances boolean NOT NULL,
    has_soundproofing boolean NOT NULL,
    has_smart_home_features boolean NOT NULL,
    has_home_theater boolean NOT NULL,
    has_wine_cellar boolean NOT NULL,
    has_solar_panel boolean NOT NULL,
    has_eco_friendly_feature boolean NOT NULL,
    has_sauna_or_steam boolean NOT NULL,
    has_gated_security boolean NOT NULL,
    has_clubhouse_or_community_center boolean NOT NULL,
    has_tennis_or_basketball boolean NOT NULL,
    has_playground_or_park boolean NOT NULL,
    has_walking_or_joggin_trail boolean NOT NULL,
    has_lake_water_feature boolean NOT NULL,
    has_golf_course boolean NOT NULL,
    has_restaurant_or_cafee boolean NOT NULL,
    has_shuttle_or_transport_service boolean NOT NULL,
    has_buisness_center boolean NOT NULL,
    has_community_event_or_classes boolean NOT NULL,
    has_24_hours_maintenance_service boolean NOT NULL,
    has_landscape_garden boolean NOT NULL,
    has_barbecue_or_picnic_aeas boolean NOT NULL,
    has_yoga_space boolean NOT NULL,
    has_on_site_storage boolean NOT NULL,
    has_recycling_and_waste_service boolean NOT NULL,
    has_bike_storage_and_path boolean NOT NULL,
    has_health_or_spa_centers boolean NOT NULL,
    main_image character varying(100),
    banner_image character varying(100),
    status character varying(10) NOT NULL
);


ALTER TABLE public.custom_project_projects OWNER TO cozy_user;

--
-- Name: custom_project_projects_id_seq; Type: SEQUENCE; Schema: public; Owner: cozy_user
--

ALTER TABLE public.custom_project_projects ALTER COLUMN id ADD GENERATED BY DEFAULT AS IDENTITY (
    SEQUENCE NAME public.custom_project_projects_id_seq
    START WITH 1
    INCREMENT BY 1
    NO MINVALUE
    NO MAXVALUE
    CACHE 1
);


--
-- Name: custom_project_uploadedimage; Type: TABLE; Schema: public; Owner: cozy_user
--

CREATE TABLE public.custom_project_uploadedimage (
    id bigint NOT NULL,
    title character varying(255) NOT NULL,
    image character varying(100),
    upload_date timestamp with time zone NOT NULL,
    project_comunity_details_id bigint NOT NULL
);


ALTER TABLE public.custom_project_uploadedimage OWNER TO cozy_user;

--
-- Name: custom_project_uploadedimage_id_seq; Type: SEQUENCE; Schema: public; Owner: cozy_user
--

ALTER TABLE public.custom_project_uploadedimage ALTER COLUMN id ADD GENERATED BY DEFAULT AS IDENTITY (
    SEQUENCE NAME public.custom_project_uploadedimage_id_seq
    START WITH 1
    INCREMENT BY 1
    NO MINVALUE
    NO MAXVALUE
    CACHE 1
);


--
-- Name: django_admin_log; Type: TABLE; Schema: public; Owner: cozy_user
--

CREATE TABLE public.django_admin_log (
    id integer NOT NULL,
    action_time timestamp with time zone NOT NULL,
    object_id text,
    object_repr character varying(200) NOT NULL,
    action_flag smallint NOT NULL,
    change_message text NOT NULL,
    content_type_id integer,
    user_id integer NOT NULL,
    CONSTRAINT django_admin_log_action_flag_check CHECK ((action_flag >= 0))
);


ALTER TABLE public.django_admin_log OWNER TO cozy_user;

--
-- Name: django_admin_log_id_seq; Type: SEQUENCE; Schema: public; Owner: cozy_user
--

ALTER TABLE public.django_admin_log ALTER COLUMN id ADD GENERATED BY DEFAULT AS IDENTITY (
    SEQUENCE NAME public.django_admin_log_id_seq
    START WITH 1
    INCREMENT BY 1
    NO MINVALUE
    NO MAXVALUE
    CACHE 1
);


--
-- Name: django_content_type; Type: TABLE; Schema: public; Owner: cozy_user
--

CREATE TABLE public.django_content_type (
    id integer NOT NULL,
    app_label character varying(100) NOT NULL,
    model character varying(100) NOT NULL
);


ALTER TABLE public.django_content_type OWNER TO cozy_user;

--
-- Name: django_content_type_id_seq; Type: SEQUENCE; Schema: public; Owner: cozy_user
--

ALTER TABLE public.django_content_type ALTER COLUMN id ADD GENERATED BY DEFAULT AS IDENTITY (
    SEQUENCE NAME public.django_content_type_id_seq
    START WITH 1
    INCREMENT BY 1
    NO MINVALUE
    NO MAXVALUE
    CACHE 1
);


--
-- Name: django_migrations; Type: TABLE; Schema: public; Owner: cozy_user
--

CREATE TABLE public.django_migrations (
    id bigint NOT NULL,
    app character varying(255) NOT NULL,
    name character varying(255) NOT NULL,
    applied timestamp with time zone NOT NULL
);


ALTER TABLE public.django_migrations OWNER TO cozy_user;

--
-- Name: django_migrations_id_seq; Type: SEQUENCE; Schema: public; Owner: cozy_user
--

ALTER TABLE public.django_migrations ALTER COLUMN id ADD GENERATED BY DEFAULT AS IDENTITY (
    SEQUENCE NAME public.django_migrations_id_seq
    START WITH 1
    INCREMENT BY 1
    NO MINVALUE
    NO MAXVALUE
    CACHE 1
);


--
-- Name: django_session; Type: TABLE; Schema: public; Owner: cozy_user
--

CREATE TABLE public.django_session (
    session_key character varying(40) NOT NULL,
    session_data text NOT NULL,
    expire_date timestamp with time zone NOT NULL
);


ALTER TABLE public.django_session OWNER TO cozy_user;

--
-- Data for Name: auth_group; Type: TABLE DATA; Schema: public; Owner: cozy_user
--

COPY public.auth_group (id, name) FROM stdin;
\.


--
-- Data for Name: auth_group_permissions; Type: TABLE DATA; Schema: public; Owner: cozy_user
--

COPY public.auth_group_permissions (id, group_id, permission_id) FROM stdin;
\.


--
-- Data for Name: auth_permission; Type: TABLE DATA; Schema: public; Owner: cozy_user
--

COPY public.auth_permission (id, name, content_type_id, codename) FROM stdin;
1	Can add log entry	1	add_logentry
2	Can change log entry	1	change_logentry
3	Can delete log entry	1	delete_logentry
4	Can view log entry	1	view_logentry
5	Can add permission	2	add_permission
6	Can change permission	2	change_permission
7	Can delete permission	2	delete_permission
8	Can view permission	2	view_permission
9	Can add group	3	add_group
10	Can change group	3	change_group
11	Can delete group	3	delete_group
12	Can view group	3	view_group
13	Can add user	4	add_user
14	Can change user	4	change_user
15	Can delete user	4	delete_user
16	Can view user	4	view_user
17	Can add content type	5	add_contenttype
18	Can change content type	5	change_contenttype
19	Can delete content type	5	delete_contenttype
20	Can view content type	5	view_contenttype
21	Can add session	6	add_session
22	Can change session	6	change_session
23	Can delete session	6	delete_session
24	Can view session	6	view_session
25	Can add appartype	7	add_appartype
26	Can change appartype	7	change_appartype
27	Can delete appartype	7	delete_appartype
28	Can view appartype	7	view_appartype
29	Can add infos	8	add_infos
30	Can change infos	8	change_infos
31	Can delete infos	8	delete_infos
32	Can view infos	8	view_infos
33	Can add location	9	add_location
34	Can change location	9	change_location
35	Can delete location	9	delete_location
36	Can view location	9	view_location
37	Can add team	10	add_team
38	Can change team	10	change_team
39	Can delete team	10	delete_team
40	Can view team	10	view_team
41	Can add properties	11	add_properties
42	Can change properties	11	change_properties
43	Can delete properties	11	delete_properties
44	Can view properties	11	view_properties
45	Can add property image	12	add_propertyimage
46	Can change property image	12	change_propertyimage
47	Can delete property image	12	delete_propertyimage
48	Can view property image	12	view_propertyimage
49	Can add sublocation	13	add_sublocation
50	Can change sublocation	13	change_sublocation
51	Can delete sublocation	13	delete_sublocation
52	Can view sublocation	13	view_sublocation
53	Can add tower name	14	add_towername
54	Can change tower name	14	change_towername
55	Can delete tower name	14	delete_towername
56	Can view tower name	14	view_towername
57	Can add project comunity details	15	add_projectcomunitydetails
58	Can change project comunity details	15	change_projectcomunitydetails
59	Can delete project comunity details	15	delete_projectcomunitydetails
60	Can view project comunity details	15	view_projectcomunitydetails
61	Can add projects	16	add_projects
62	Can change projects	16	change_projects
63	Can delete projects	16	delete_projects
64	Can view projects	16	view_projects
65	Can add uploaded image	17	add_uploadedimage
66	Can change uploaded image	17	change_uploadedimage
67	Can delete uploaded image	17	delete_uploadedimage
68	Can view uploaded image	17	view_uploadedimage
\.


--
-- Data for Name: auth_user; Type: TABLE DATA; Schema: public; Owner: cozy_user
--

COPY public.auth_user (id, password, last_login, is_superuser, username, first_name, last_name, email, is_staff, is_active, date_joined) FROM stdin;
1	pbkdf2_sha256$720000$hp4Ir0VsRnNdfpMa6Eb0rm$jnnJhqDHkackv/Zg00ukupLul1y5fqEyTswXBm16gHc=	\N	t	eddsal				t	t	2025-06-17 10:09:45.912998+00
2	pbkdf2_sha256$720000$VeiTQuhTmuZ7l54ChwAxlq$Jd24plT15l0MiV8nHHB2hEUPAbMSBGtg3szJfhqUoAA=	2025-06-19 08:44:45.740987+00	t	ed				t	t	2025-06-17 13:22:23.387346+00
\.


--
-- Data for Name: auth_user_groups; Type: TABLE DATA; Schema: public; Owner: cozy_user
--

COPY public.auth_user_groups (id, user_id, group_id) FROM stdin;
\.


--
-- Data for Name: auth_user_user_permissions; Type: TABLE DATA; Schema: public; Owner: cozy_user
--

COPY public.auth_user_user_permissions (id, user_id, permission_id) FROM stdin;
\.


--
-- Data for Name: core_appartype; Type: TABLE DATA; Schema: public; Owner: cozy_user
--

COPY public.core_appartype (id, slug, app_type) FROM stdin;
1	villa-house	Villa / House
2	apartment-flat	Apartment / Flat
\.


--
-- Data for Name: core_infos; Type: TABLE DATA; Schema: public; Owner: cozy_user
--

COPY public.core_infos (id, title, description) FROM stdin;
\.


--
-- Data for Name: core_location; Type: TABLE DATA; Schema: public; Owner: cozy_user
--

COPY public.core_location (id, slug, city, image) FROM stdin;
1	dubai	Dubai	
\.


--
-- Data for Name: core_properties; Type: TABLE DATA; Schema: public; Owner: cozy_user
--

COPY public.core_properties (id, slug, permit_number, status, amenities, completion_status, subtype, ref, title, description, size, size_unit, price, furnished, bedrooms, bathroom, is_imported, off_plan, appartment_type_id, location_id, sub_location_id, agent_id, tower_name_id, offering_type, price_on_application, property_type, geopoints) FROM stdin;
39	parks-facing-g2-big-plot-phpp	65360619997	Resident - Sale	["Balcony", "Air Conditioning", "Covered Parking", "Gymnasium", "Study Room", "Security", "Central A/C & Heating", "Steam Room", "Marble Flooring", "Pets Allowed", "Retail Outlets", "School"]	off plan	-	\N	Parks Facing | G+2 | Big Plot | PHPP	CozyProeprties Real Estate proudly presents this luxurious 4-bedroom standalone villa - Caya, Arabian Ranches III. Offering a prime park-facing location, G+2 villa sits on a massive 5,700 sq.ft plot with a built-up area of 4,100 sq.ft, perfect for families seeking space, privacy, and elegance.\r\n\r\nProperty Features:\r\n\r\n4 Bedrooms + Maid’s Room\r\nEnsuite Bedroom on Ground Floor\r\n2 Family Living Rooms\r\n2 Balconies\r\nRoof Terrace with AC Lounge (Convertible to Extra Bedroom)\r\nBuilt-in Closets\r\nRoof Terrace with Stunning Park & Community Views\r\nSingle Row \r\nBig Private Garden\r\nStore Rooms\r\nPrice: AED 7,300,000\r\nPayment Plan: Post-Handover Available\r\n\r\nPayment Breakdown:\r\nTotal Price: AED 7,300,000\r\n\r\nPost-Handover Payment Plan:\r\n\r\n4 Months After Handover: AED 226,444\r\n8 Months After Handover: AED 266,444\r\n12 Months After Handover: AED 266,444\r\n16 Months After Handover: AED 266,444\r\n20 Months After Handover: AED 266,444\r\n25 Months After Handover: AED 266,447\r\n\r\nTotal Post-Handover: AED 1,558,067\r\n\r\nUpfront Payment (Now): AED 5,741,933	5700	SQFT	7300000	Partly	4	6	t	f	1	1	14	1	\N	\N	f	\N	55.332923,25.070654
37	lagoon-view-fully-furnished-vacant-soon	71209118666	Resident - Rent	["Air Conditioning", "Covered Parking", "View of Water", "Security", "Central A/C & Heating", "Steam Room", "Retail Outlets"]	\N	-	\N	Lagoon View | Fully Furnished | Vacant Soon	Welcome to your new home! Discover this immaculate, fully furnished 1-BR apartment at District One, boasting a stunning partial water view. Unleash your inner chef with top-of-the-line Miele kitchen appliances,  a convenient powder room. Relax in your master bedroom with an ensuite bathroom, a convenience of an extra laundry room. Bask in the natural light that floods through the floor-to-ceiling 3-meter-high windows.\r\n\r\nBut that's not all! Your new home comes with a bundle of amenities to enhance your lifestyle:\r\n\r\nDive into the pristine 7km Crystal Lagoon.\r\nEmbrace an active lifestyle with an 8.4km cycling and jogging track.\r\nSocialize at the community club.\r\nSatisfy your cravings at Hamptons Café.\r\nNurture your little ones at the nursery.\r\nStock up on essentials at the grocery store.\r\nStay healthy with easy access to the medical clinic.\r\n\r\nDon't miss the chance to call this exquisite property your own. Act quickly to secure your place in this beautiful community with CozyProperties	746.47	SQFT	110000	Yes	1	2	t	f	2	1	9	1	\N	\N	f	\N	55.282686,25.156859
35	smart-home-2-bed-flexible-payment-plan	1756913314	Resident - Sale	["Balcony", "Air Conditioning", "Covered Parking", "Study Room", "Security", "Central A/C & Heating", "Concierge Service", "School"]	off_plan_primary	-	\N	Smart Home 2-Bed | Flexible Payment Plan	CozyProperties is excited to introduce a stunning new two-bedroom apartment in one of Dubai’s most desirable communities. This exceptional property features:\r\n\r\nSmart Home Technology\r\nPrivate Balcony\r\nSpacious Open Plan Kitchen\r\nHigh-Quality Fitted Appliances\r\nSecure Basement Parking\r\nCommunity Highlights:\r\n\r\nLush Flora and Fauna\r\nExcellent Air Quality\r\nCooler Temperatures (up to 5 degrees lower)\r\nResort-Style Living Experience\r\nScenic Mountain Biking Trails\r\nDesignated Areas for Productive Farming\r\nPodium-Level Restaurants and Cafés\r\nMore Trees than Residents\r\nInvestment Opportunity:\r\nThis property offers a flexible payment plan of 60% during construction and 40% at handover, making it an attractive option for investors seeking high yields.	1800	SQFT	3350000	\N	2	3	t	f	2	1	10	1	\N	\N	f	\N	55.314625,25.0785
33	best-investment-prime-location-full-water-view	1095735229	Resident - Sale	["Balcony", "Covered Parking", "Built in Kitchen Appliances", "Maids Room", "Study Room", "View of Water", "Security", "Housekeeping", "Steam Room", "Marble Flooring", "Pets Allowed", "Mosque", "Public Park", "Retail Outlets", "Sauna", "School"]	off_plan_primary	-	\N	Best Investment |Prime Location | Full Water View	Welcome to your own private retreat right in the heart of Dubai Marina!\r\n\r\nGet ready to be amazed by the stunning views of the Dubai Marina from this incredible apartment building. It's all about luxury, comfort, and convenience here.\r\n\r\nLocated in a fancy gated community, this place offers you the best of the best – luxury and exclusivity, giving you a peaceful haven in one of Dubai's most popular areas.\r\n\r\nYou'll love the views and the location! You've got everything you need nearby – shops, malls, awesome restaurants, bars, entertainment spots, and even the beach, all just a stone's throw away.\r\n\r\nThis is the place to be in Dubai Marina!\r\n\r\nEvery apartment here has amazing waterfront views and lots of natural light, making it super cozy and welcoming.\r\n\r\nPlus, we've got a great payment plan – 40% now, 60% later, and you'll be moving in by September 2025.\r\n\r\nAnd check out all the cool stuff you'll get:\r\n\r\nSpacious 1-bedroom apartments in a prime spot in the Marina\r\nAwesome views of the water\r\nBig windows that let in lots of light\r\nTop-notch kitchen\r\nSwimming pool, yoga room, and more for staying fit and relaxed\r\nFun stuff like billiards, virtual golf, and games room\r\nA cinema and café just for residents\r\nPrivate gardens, dining areas, and spaces for events\r\nMeeting rooms, work spaces, and Wi-Fi – everything you need!\r\nAnd it's all super close to Marina Mall, metro and tram stations, and the beach. Plus, getting to Mall of the Emirates, Burj Khalifa, and the airport is a breeze.\r\nGet ready for the ultimate luxury living experience in Dubai Marina!	804	SQFT	3200000	\N	1	2	t	f	2	1	12	1	\N	\N	f	\N	55.14171,25.083281
31	payment-plan-forest-living-no-commission	1756913314	Resident - Sale	["Balcony", "Air Conditioning", "Covered Parking", "Study Room", "Security", "Central A/C & Heating", "Concierge Service", "School"]	off_plan_primary	-	\N	Payment Plan | Forest Living | No Commission	Cozyproperties is excited to introduce a stunning new one-bedroom apartment in one of Dubai’s most desirable communities. This exceptional property features:\r\n\r\nSmart Home Technology\r\nPrivate Balcony\r\nSpacious Open Plan Kitchen\r\nHigh-Quality Fitted Appliances\r\nSecure Basement Parking\r\nCommunity Highlights:\r\n\r\nLush Flora and Fauna\r\nExcellent Air Quality\r\nCooler Temperatures (up to 5 degrees lower)\r\nResort-Style Living Experience\r\nScenic Mountain Biking Trails\r\nDesignated Areas for Productive Farming\r\nPodium-Level Restaurants and Cafés\r\nMore Trees than Residents\r\nInvestment Opportunity:\r\nThis property offers a flexible payment plan of 60% during construction and 40% at handover, making it an attractive option for investors seeking high yields. We invite you to visit our show home to experience the exceptional quality, exquisite finishing, and spacious layouts of these apartments.	1290	SQFT	2300000	\N	2	2	t	f	2	1	10	1	\N	\N	f	\N	55.314625,25.0785
28	type-2-close-to-lagoon-and-community-club	1953133890	Resident - Sale	["Balcony", "Air Conditioning", "Shared Pool", "Study Room", "Storage Room", "Security", "Central A/C & Heating", "Housekeeping", "Steam Room", "Marble Flooring", "Pets Allowed", "Public Park", "Retail Outlets", "School"]	off_plan_primary	-	\N	Type 2 | Close to Lagoon and Community Club	Cozyproperties Real Estate proud to present a Mediterranean  4-bedroom villa at the most demanded villa gated community - District One, Mohammed Bin Rashid Al Maktoum City.\r\n\r\nThe villa is 5,016 sq. ft. with 4 bedrooms, all en-suite bathrooms, additional driver's and Maid's room, storage and study area, big balconies and private swimming pool.  \r\n\r\nThe priceless view from your villa of Burj Khalifa/ Business Bay skyline. \r\n\r\nThe villa is located close to a community club and Crystal Lagoon.   \r\n\r\nPlease be advised that Mediterranean villa is only few in whole entire community, don't miss the opportunity to live in 2 km away from downtown, at family friendly gated community with 7 km of crystal lagoon, 60% of greenery, upcoming new Meydan One mall and many more for your quality living.  \r\n\r\nReady in 2024 - Q3-Q4 \r\n\r\nPS. Please note that the photos provided are not of the actual property, as it is currently off-plan. However, they depict similar villas of the same type within the same community and are intended for marketing purposes only.	5016	SQFT	15200000	No	4	5	t	f	1	1	9	1	\N	\N	f	\N	55.273708,25.168896
27	corner-villa-close-to-lagoon-and-community-club	2125960757	Resident - Sale	["Balcony", "Air Conditioning", "Shared Pool", "Study Room", "Storage Room", "Security", "Central A/C & Heating", "Housekeeping", "Steam Room", "Marble Flooring", "Pets Allowed", "Public Park", "Retail Outlets", "School"]	off_plan_primary	-	\N	Corner villa | Close to Lagoon and Community Club	CozyProperties Real Estate proud to present a Mediterranean corner 4-bedroom villa at the most demanded villa gated community - District One, Mohammed Bin Rashid Al Maktoum City.     \r\n\r\nThe villa is 5,016 sq. ft. with 4 bedrooms, all en-suite bathrooms, additional driver's and Maid's room, storage and study area, big balconies and private swimming pool.        \r\n\r\nThe priceless view from your villa of Burj Khalifa/ Business Bay skyline. \r\n\r\nThe villa is located close to a community club and Crystal Lagoon.\r\n\r\nPlease be advised that Mediterranean villa is only few in whole entire community, don't miss the opportunity to live in 2 km away from downtown, at family friendly gated community with 7 km of crystal lagoon, 60% of greenery, upcoming new Meydan One mall and many more for your quality living.  \r\n\r\nReady in 2024 - Q2-Q4  \r\n\r\nWe are specializing the luxury villa communities; we do have ready and ready soon villa option for your family.	5016	SQFT	15500000	No	4	5	t	f	1	1	9	1	\N	\N	f	\N	55.273708,25.168896
38	water-view-3-years-pp-brand-new	71238655180	Resident - Sale	["Balcony", "Air Conditioning", "Maids Room", "Shared Pool", "Study Room", "Storage Room", "View of Water", "Security", "Maintenance", "Swimming Pool", "Central A/C & Heating", "Concierge Service", "Housekeeping", "Steam Room", "Pets Allowed", "Public Park", "Retail Outlets", "School"]	completed	-	\N	Water View | 3 Years PP| Brand New	Indulge in the luxury of a high-floor, branded 2-bedroom apartment with stunning Burj views, available at an incredible deal of AED 3,550,000\r\n\r\nThe apartment spans 1188.22 sq. ft. and features a thoughtfully designed fitted kitchen and convenient built-in wardrobes. \r\n\r\nWith a 3-year Post Handover Payment Plan, owning this exceptional residence has never been more accessible.\r\n\r\nScheduled for handover in Q1 2024, Creek Palace offers not just a home but a gateway to an extraordinary living experience. \r\n\r\nExplore a multitude of amenities including swimming pools, fitness centers, lush gardens, and exclusive access to the waterfront promenade. Immerse yourself in the epitome of comfort, elegance, and convenience.\r\n\r\nDon't miss out on this exceptional opportunity to own a prestigious residence in a branded development. \r\n\r\nSeize the chance to live amidst beauty and sophistication at Creek Palace. Embrace the enchantment of Dubai Creek and elevate your lifestyle to new heights.	1188.22	SQFT	3550000	No	2	3	t	f	2	1	13	1	\N	\N	f	\N	55.347517,25.20452
36	fully-furnished-brand-new-excess-to-a-courtyard	71174161663	Resident - Sale	["Air Conditioning", "Covered Parking", "Study Room", "View of Water", "Security", "Central A/C & Heating", "School"]	completed	-	\N	Fully furnished |Brand New |Excess to a courtyard	CozyProperties Welcomes you Home! Step into the elegance of this pristine, fully-furnished 1-bedroom apartment in District One. The apartment boasts direct access to the courtyard from your balcony, making it an ideal option for pet or kid owners, or anyone who enjoys doing yoga or light workouts right in front of their yard. Equipped with top-of-the-line Miele kitchen appliances, it also includes a handy powder room for guests. The master bedroom, complete with an ensuite bathroom, offers a retreat of comfort, complemented by an additional laundry room for utmost convenience. Revel in the abundance of natural light streaming through the expansive 3-meter-high floor-to-ceiling windows. This apartment is vacant and ready for you to move in!\r\n\r\nExperience Unmatched Amenities:\r\n\r\nImmerse yourself in the crystal-clear waters of the 7km Crystal Lagoon.\r\nKeep fit and enjoy the outdoors with an 8.4km cycling and jogging track.\r\nEngage with your community at the exclusive club.\r\nDelight in gourmet offerings at Hamptons Cafe.\r\nProvide the best for your children with on-site nursery facilities.\r\nConveniently access daily necessities at the local grocery store.\r\nEnsure your well-being with the nearby medical clinic.\r\n\r\nFor viewing, please feel free to reach out to us.	758.1	SQFT	1700000	No	1	2	t	f	2	1	9	1	\N	\N	f	\N	55.282686,25.156859
34	spacious-5-bed-villa-private-pool-elevator	6513392164	Resident - Sale	["Balcony", "Air Conditioning", "Covered Parking", "Security", "Central A/C & Heating"]	completed	-	\N	Spacious 5-Bed Villa | Private Pool & Elevator	CozyProperties Real Estate proudly presents this exquisite 5-bedroom villa, a masterpiece of luxury living. Spanning over 8,400 square feet of built-up area and set on a generous plot of 8,030 square feet, this villa offers unparalleled comfort and elegance.\r\n\r\nKey Features:\r\n\r\n•\tBedrooms: 5 spacious bedrooms, each with its own ensuite bathroom, designed for comfort \r\n        and privacy.\r\n•\tBathrooms: 7 well-appointed bathrooms for convenience and luxury.\r\n•\tKitchens: 2 fully-equipped kitchens, ideal for culinary enthusiasts and hosting gatherings.\r\n•\tStorage: 2 storage spaces for practicality and organization.\r\n•\tParking: Ample parking with space for 2+ vehicles.\r\n•\tOutdoor Amenities: Enjoy leisurely swims in the private swimming pool and unwind in the \r\n        landscaped garden.\r\n•\tConvenience: Elevator access ensures easy movement across levels.\r\n•\tEntertainment: 2 expansive living rooms provide ample space for relaxation and \r\n        entertainment.\r\n•\tWorkspace: Dedicated office space for productivity and focus.\r\n•\tCeiling Height: Impressive 8-meter high ceilings add to the grandeur of the interiors.\r\n\r\nReady for Occupancy: Could be discussed. \r\n\r\nLocation: Strategically situated just 10 minutes from downtown and 18 minutes from DXB Airport at Sobha Hartlands, offering convenience and accessibility.	8028.37	SQFT	25000000	No	5	7	t	f	1	1	9	1	\N	\N	f	\N	55.307948,25.176124
32	sea-view-resale-semi-furnished-2br-penthouse	782670695	Resident - Sale	["Balcony", "Air Conditioning", "Shared Pool", "Study Room", "Storage Room", "View of Water", "Security", "Central A/C & Heating", "Concierge Service", "Housekeeping", "Steam Room", "Marble Flooring", "Pets Allowed", "Public Park", "Retail Outlets", "School"]	off_plan_primary	-	\N	Sea View | Resale | Semi-Furnished | 2BR Penthouse	CozyProperties Real Estate proud to present the world-class residence showcasing scenic views of the Gulf Sea, Six Senses situated in the most desirable location this sublime, The Palm Jumeirah - Dubai's most exclusive address, a privacy focused beach estate with exclusive amenities. \r\n\r\n2000 sq. ft. Two-bedroom penthouse comes with a fully fitted kitchen, a private study, storage room, powder room and an expansive and opulent master bedroom with spacious master bathroom and dual dressings.\r\n\r\nEvery detail of this extraordinary standout construction has been chosen for optimal light and luxurious comfort. \r\n \r\n• Leisure & lifestyle facilities \r\n• Concierge and valet services  \r\n• Discounts on food and beverage services \r\n• Discounts on stays at Six Senses Hotels & Resort Worldwide \r\n• Fully equipped gym (410 sqm)\r\n• Squash court\r\n• Massage circulation pool\r\n• Active studio\r\n• Relaxation lounges\r\n• Six Senses Spa\r\n• VIP, single and double treatment rooms\r\n• Steam room, Sauna\r\n• Dedicated female steam/sauna\r\n• Hammam\r\n• Cold plunge\r\n• Wellness/Aesthetic/Cosmetic clinic\r\n• Meeting rooms\r\n• Co-working space\r\n• Club lounge\r\n• Cigar room\r\n• Wine cellar\r\n• Kid’s club	2000	SQFT	16700000	Partly	2	3	t	f	2	1	11	1	\N	\N	f	\N	55.11709,25.10114
30	contemporary-swimming-pool-roof-terrace	1953133890	Resident - Sale	["Balcony", "Maids Room", "Study Room", "Storage Room", "Security", "Maintenance", "Central A/C & Heating", "Concierge Service", "Housekeeping", "Steam Room", "Marble Flooring", "Pets Allowed", "Public Park", "Retail Outlets", "School"]	off_plan_primary	-	\N	Contemporary  | Swimming Pool  |  Roof Terrace	CozyProperties Real Estate is proud to present Mohammed Bin Rashid Al Maktoum City’s new phase - District One West - an extraordinary lifestyle. \r\n\r\nDiscover sublime, gated community just 2 km away from downtown Dubai, 15-minute drive to DXB airport and 10 minutes to Jumeirah.  \r\n\r\nAn exclusive collection of impeccable properties, ranging from four-bedroom villas, the villa comes with 4 master bedrooms with all an-suit bathrooms, open living room with full of natural light, closed kitchen, lift, driver's room, maid's room, outdoor garden and swimming pool. \r\n\r\nHere, beauty lies in every delicate detail, and each precious moment is infused. \r\nwith elegance and sophistication.\r\nThe Community with an abundance of lush, green, outdoor spaces, the dazzling Crystal Lagoon, and an extensive array of world-class amenities, this inspiring neighborhood offers unprecedented levels of luxury living. Experience a life of sheer bliss in this residential masterpiece.\r\n\r\nPayment Plan till 2027- Q1.	6394	SQFT	11000000	Partly	4	5	t	f	1	1	9	1	\N	\N	f	\N	55.278024291016,25.148708647818
29	big-type-1-genuine-resale-ready-soon	2125960757	Resident - Sale	["Balcony", "Air Conditioning", "Built in Kitchen Appliances", "Maids Room", "Gymnasium", "Central A/C & Heating", "Concierge Service", "Housekeeping", "Steam Room", "Marble Flooring"]	off_plan_primary	-	\N	Big Type 1 |  Genuine Resale |  Ready Soon	Cozyproperties Real Estate is proud to present a Big T1 type Contemporary 4-bedroom Villa at District One - Mohammed Bin Rashid Al Maktoum City.        \r\n\r\nThe villa is a 6,200 sq. ft. Built-up area with a massive plot of 7,962 sq. ft.       \r\n\r\nThe villa comes with 2 living rooms, 2 kitchens, 4 bedrooms all with en-suite bathrooms, Driver room, Maid's room, laundry room, a big study / office, a lift and swimming pool with view of Burj Khalifa, Business Bay skyline.     \r\n\r\nAmenities: 60% Greenery, 7 KM Crystal Lagoon, 8,4 km of cycling and Running Track, nursery, grocery, community club, restaurant, saloon, basketball court, tennis court, paddle tennis.     \r\n\r\nDistrict one is the closest freehold villa gated community to Downtown- just 2 km away. The prime location - 15 minutes to DXB Airport, 15 minutes to Mall of the Emirates, and 10 Minutes to Jumeirah. \r\n\r\nFeel free to contact me for more options: Ready Q4- 2024.\r\n\r\nPS. Please note that the photos provided are not of the actual property, as it is currently off-plan. However, they depict similar villas of the same type within the same community and are intended for marketing purposes only.	6220	SQFT	18200000	No	4	5	t	f	1	1	9	1	\N	\N	f	\N	55.273708,25.168896
\.


--
-- Data for Name: core_propertyimage; Type: TABLE DATA; Schema: public; Owner: cozy_user
--

COPY public.core_propertyimage (id, image, caption, sort_order, property_id) FROM stdin;
301	property_images/ca8dcd79-d16b-47cc-8a20-909cb3a5a37a_JEjyBaR_0FnCCW2.jpg	\N	6	27
300	property_images/bef32516-62bf-42e7-9355-88a1ca207af4_Zk0070V_dyvVIay.jpg	\N	5	27
299	property_images/6ca24d9a-ee33-4cd0-8b91-47e288784313_0yAqdQK_4Yy2Q3B.jpg	\N	4	27
298	property_images/5d8c3698-cd3f-4adb-9176-aa2a9be8688c_YntOpOW_ae8Dvi2.jpg	\N	3	27
296	property_images/01ee7043-6f97-4372-992e-a0ea11acfcb6_TsnkYo5_rBvULz9.jpg	\N	1	27
295	property_images/1ab5fbaa-152c-4982-9a92-5efc739c071a_JIKtcYF_m37uRii.jpg	\N	0	27
303	property_images/d9712763-8605-41f8-8d64-9c661cfdb16b_47SVQ3n_3LSjUSi.jpg	\N	0	28
304	property_images/ca8dcd79-d16b-47cc-8a20-909cb3a5a37a_JEjyBaR_dRcm4YT.jpg	\N	1	28
305	property_images/bef32516-62bf-42e7-9355-88a1ca207af4_Zk0070V_50ZH9D3.jpg	\N	2	28
306	property_images/6ca24d9a-ee33-4cd0-8b91-47e288784313_0yAqdQK_Z33mW9R.jpg	\N	3	28
307	property_images/5d8c3698-cd3f-4adb-9176-aa2a9be8688c_YntOpOW_aw47Aif.jpg	\N	4	28
308	property_images/3c2ea401-02bc-4d93-9646-7d03e4417d11_K9inB8y_6ZdFH9u.jpg	\N	5	28
309	property_images/01ee7043-6f97-4372-992e-a0ea11acfcb6_TsnkYo5_k6J0Jjx.jpg	\N	6	28
311	property_images/5d8c3698-cd3f-4adb-9176-aa2a9be8688c_YntOpOW_wDW7888.jpg	\N	8	28
312	property_images/6ca24d9a-ee33-4cd0-8b91-47e288784313_0yAqdQK_xfdJxLN.jpg	\N	9	28
322	property_images/affe1861-7c34-45a5-9039-441003d845a9_0lRNn89_tpRyOuk.png	\N	9	29
321	property_images/bb9efd3e-7094-4a35-9914-f8e4bf680780_4K455lj_mk0gvUo.png	\N	8	29
320	property_images/94b6b316-01cc-4d4b-9f27-cc8b45116b7a_hYsnV1a_cJlHPEb.png	\N	7	29
319	property_images/fd3d4e43-1ad4-4cbd-9d67-08341fea9280_ZwwDNpo_X0GeHJS.png	\N	6	29
318	property_images/a229702f-ea97-4052-9523-1fdea4b75f90_QkA1J1K_VqQqSlf.png	\N	5	29
317	property_images/36513e53-03f0-4ed9-a532-12a4a521833d_UTN3FUR_5DZa0eV.png	\N	4	29
316	property_images/c2c8d94a-76b7-441e-9080-1a571f06c62e_b58pg0i_6iD94V9.png	\N	3	29
314	property_images/94b6b316-01cc-4d4b-9f27-cc8b45116b7a_hYsnV1a_iCFmDmp.png	\N	1	29
313	property_images/fd3d4e43-1ad4-4cbd-9d67-08341fea9280_ZwwDNpo_I31KzYf.png	\N	0	29
329	property_images/9eac8b70-2cb1-42cc-9e17-67a6dee7ab1e_2uLaCbl_yf4JIoi.jpg	\N	6	30
328	property_images/38b1c044-e383-41e4-94ad-fcc4e38a2ffd_h3cZqTE_TLw1OXq.jpg	\N	5	30
327	property_images/c1746858-61a0-4005-b440-24a700c1cdf4_pXxMjQq_qRlw1vL.jpeg	\N	4	30
326	property_images/fa686b72-78c1-4cfd-a4d1-37c1e1326cd6_38pE4OQ_NoEWKdy.jpg	\N	3	30
325	property_images/cf8b19c2-543f-4cb4-9acc-8e2ec4473ece_2ChtQma_YXH4w9J.jpeg	\N	2	30
324	property_images/e2f39cf2-0076-4464-85e6-500581d42d64_nRpSIU1_v1FtkFk.jpeg	\N	1	30
323	property_images/cf8b19c2-543f-4cb4-9acc-8e2ec4473ece_2ChtQma_4JL8o1z.jpeg	\N	0	30
330	property_images/4f3bf7f6-aaed-4c53-9fe6-95a68253e234_0JaxHSG_m3Dwgv2.png	\N	0	31
332	property_images/804e42cc-fd5c-4dce-8334-6cbd0650f5a2_oIKo9fT_ErpFh9F.png	\N	2	31
333	property_images/d2e6aa32-6bd9-4a29-af33-377df23bdd0b_1cZ5kkp_HTLvXCk.png	\N	3	31
334	property_images/45a718f0-4e9d-4208-b2d7-e6934736e682_qnCNzS3_wAToIYQ.png	\N	4	31
335	property_images/42aaad72-39b4-4b43-8394-a3361a8c52d7_fym3lrq_0KOrSsN.png	\N	5	31
336	property_images/336e29fd-d630-4067-81ef-83d1e6a497fa_wuuilbY_jRtvOgO.png	\N	6	31
337	property_images/4ed2fca0-a37b-46cb-897f-8156310d44f6_m6yD3BI_VzqQ3lu.png	\N	7	31
338	property_images/7a22336f-f828-41b8-9552-64a649dce456_5GAv3yN_ftzLEzO.png	\N	0	32
339	property_images/4d85c9ef-020d-4515-a372-61100cd7a8a8_nWJAuFi_Zu7rllz.png	\N	1	32
340	property_images/beae0fff-bf5c-48a6-bc47-1c85333f9999_frnp8GX_wMfIX3i.png	\N	2	32
342	property_images/4d85c9ef-020d-4515-a372-61100cd7a8a8_nWJAuFi_h3jR7QD.png	\N	4	32
343	property_images/a722bd7d-5c67-4739-8881-a425c328db97_tjLvKOI_VsdIE37.png	\N	5	32
344	property_images/0429d14e-e85c-4353-bf88-80a572efffa9_pbYFEQF_vyiTawB.png	\N	6	32
345	property_images/16416236-9574-4e38-8d6f-b8e26c015d26_3Gbk4Bd_OizzN4L.png	\N	7	32
346	property_images/44eb2865-4e65-45c4-9bac-a73af0ea4eba_WyzFjU9_UVZ9R5G.png	\N	8	32
347	property_images/4d85c9ef-020d-4515-a372-61100cd7a8a8_nWJAuFi_oqK53RR.png	\N	9	32
348	property_images/beae0fff-bf5c-48a6-bc47-1c85333f9999_frnp8GX_aNbZ3Cj.png	\N	10	32
349	property_images/7a22336f-f828-41b8-9552-64a649dce456_5GAv3yN_v98iu0E.png	\N	11	32
350	property_images/af1d31eb-de32-475e-9143-5778e18f7746_UIEXRBW_al1Urki.png	\N	12	32
352	property_images/8d928535-39ac-4098-8f2f-24e7d219cc1f_LR2tSzu_Fet9l9G.png	\N	0	33
353	property_images/7fc609e1-7ea2-4b7a-b998-20861c804628_Md7SLfs_pdlVktz.png	\N	1	33
357	property_images/5a1aa792-0514-42eb-b7bf-546dd8ad07b6_Rnn9cmV_nMmyacO.png	\N	5	33
355	property_images/8b28e551-b31b-439f-b559-c5a5b3219553_0watVpN_725yl0b.png	\N	3	33
354	property_images/0be5f881-2e88-4027-ba77-f4fde43d2015_MOBQluT_dUeo1QI.png	\N	2	33
358	property_images/872129cb-7067-46a9-99dd-6850df46ec2b_r37XmMN_s8odOry.png	\N	6	33
356	property_images/fe8ba7fa-c35f-43db-971f-952fde92fd0f_EqMFXmh_ksCo8Q9.png	\N	4	33
359	property_images/853aba2f-9eeb-4a6c-8972-30c69ad0eadf_waup6UH_jVgfGgN.png	\N	7	33
360	property_images/f4e3162e-5fa6-4969-a8cc-ec98a6d3365b_pxXhI1i_CRaA3a1.png	\N	8	33
361	property_images/a3960d16-aaf9-44d6-b32c-f0032ce25175_o6mZe5j_jjIeAr7.png	\N	9	33
363	property_images/206e2c62-25ad-450a-920c-b4a30ae62215_8gkwDUF_IQ40nRV.png	\N	11	33
364	property_images/ef3a0e85-9eff-411a-a8ca-ea37b1155c61_IMuGSH5_SROnVxH.png	\N	0	34
366	property_images/5abc161a-f30e-410b-ae9c-da6e8b23b025_EbNN0ZF_LDanKeS.png	\N	2	34
369	property_images/7e3e9131-6240-4882-b055-6424d503b09f_QxXISoz_80vbq8l.png	\N	5	34
367	property_images/739f5a6a-37b5-4d03-8ebe-9a4bbbad76ad_8UAgNud_IDLPT9E.png	\N	3	34
368	property_images/30277ea7-5224-472b-8e9f-8518cff90acc_J2ZmE9X_RIhlSit.png	\N	4	34
371	property_images/8dfa8598-6c06-4d9d-bec2-1fd57a2f7e65_3KFvuic_r1Zhdgf.png	\N	7	34
389	property_images/53293cd5-c1d3-4ea4-81e4-06c6fcf19092_NMutko0_XJKRLDL.png	\N	25	34
370	property_images/53293cd5-c1d3-4ea4-81e4-06c6fcf19092_NMutko0_aIPUhgR.png	\N	6	34
373	property_images/1216f463-314e-47a3-a397-d143225e7147_DtWF1nE_Xe49Fb6.png	\N	9	34
372	property_images/11d09ff9-a483-4519-94bb-89df5df0cf14_6DICXqM_2GLiAMk.png	\N	8	34
377	property_images/8f369545-7132-4462-ab83-36b254912416_IAaGl3n_nY02fd9.png	\N	13	34
375	property_images/6ec18e47-e429-42ef-af68-b05167199ad9_L0q9mhu_l5qSdoS.png	\N	11	34
380	property_images/e1c31148-d7bd-4d0f-831b-611ce037380d_LlFonyw_FGSEOE3.png	\N	16	34
378	property_images/9c680e16-0539-4a38-9d73-bf3d065ce52d_CCMOUt8_isYVuoc.png	\N	14	34
381	property_images/92ca771d-4bdc-49f9-a49d-1952bdd2c4fe_2nvRqTN_e1UgQ2g.png	\N	17	34
379	property_images/8322a725-48ce-4bbe-9d3b-3f1ebeea5904_E2kKX7u_nK6bdgt.png	\N	15	34
384	property_images/7971de27-608e-4cbe-9064-7deb4d0a0af5_tRwNtwE_1iZ3wGb.png	\N	20	34
383	property_images/f4f8e99c-b752-4391-9398-a680994e822b_kUU7yBF_3Jq1kdI.png	\N	19	34
385	property_images/b3d30e01-5f7d-44f3-9f80-92b283bb8909_wpvgPG2_FcXul4m.png	\N	21	34
386	property_images/7be54199-b7c2-4965-bb18-efee226ac978_0scCL4R_F3l8vAB.png	\N	22	34
388	property_images/e1571fb0-9a45-4d86-80ab-37df3ff7d83a_3gzFazG_ZWrXYGA.png	\N	24	34
387	property_images/07b8cd00-b97e-4cd6-af3a-81f43ab4fac0_6GadFcH_gsRuQEK.png	\N	23	34
376	property_images/1baaf46c-ba79-491d-8ec1-e43bf54f7c93_qTHF9Uv_KaOLeYe.png	\N	12	34
391	property_images/336e29fd-d630-4067-81ef-83d1e6a497fa_wuuilbY_mfxcXo8.png	\N	1	35
392	property_images/42aaad72-39b4-4b43-8394-a3361a8c52d7_fym3lrq_9our3G1.png	\N	2	35
393	property_images/d2e6aa32-6bd9-4a29-af33-377df23bdd0b_1cZ5kkp_pDsUFyM.png	\N	3	35
394	property_images/804e42cc-fd5c-4dce-8334-6cbd0650f5a2_oIKo9fT_ACkVjW2.png	\N	4	35
395	property_images/2d6d8278-6895-4e0c-ae6d-088f98863d54_INVZO26_Fs9bXu6.png	\N	5	35
396	property_images/42aaad72-39b4-4b43-8394-a3361a8c52d7_fym3lrq_k2rtN8g.png	\N	6	35
397	property_images/4ed2fca0-a37b-46cb-897f-8156310d44f6_m6yD3BI_IQsRmnW.png	\N	7	35
398	property_images/9d6428bb-879a-4e0f-9043-a63e42d5310f_t8jwzg9_VomhHWJ.png	\N	0	36
399	property_images/ebb8d8a8-9a3f-4065-9690-e5477771af2e_NW7kxVJ_vVQoyhe.png	\N	1	36
400	property_images/.png	\N	2	36
401	property_images/a3588559-6503-46f9-940f-f96dc04f7f21_OcwasYH_DHRPK8K.png	\N	3	36
402	property_images/bc162332-d442-4c74-9d83-e498de132b42_tN8AWWW_haBl3cp.png	\N	4	36
403	property_images/c9fdf637-bc4d-4941-a061-8ff51b40a040_gDb6aAA_WK9AbMK.png	\N	5	36
404	property_images/75e9f7bb-4f70-4b50-a372-68f431119c40_2Z9Z52f_smiTAwX.png	\N	6	36
406	property_images/22e13a12-aed3-4c27-a1ed-88c0061a6ef8_1ySX5iK_X18JnQS.png	\N	8	36
407	property_images/8efed848-afb2-4699-9a10-6c8e6e60fed3_XCkWQbH_q1E8nte.png	\N	9	36
408	property_images/41521149-adfd-4ee8-8b47-1624e4ce9398_1ZMq4P2_260h4LH.png	\N	10	36
409	property_images/75e9f7bb-4f70-4b50-a372-68f431119c40_2Z9Z52f_Jsfcy6A.png	\N	11	36
410	property_images/456b948e-c611-40ac-8a15-9e5429647f2b_Ssy7Alp_3ZA5JNO.png	\N	0	37
411	property_images/61f525b0-5d97-4411-bc95-7dc522aba238_iZohTTj_0QAn23y.png	\N	1	37
412	property_images/fa52c189-eb00-46fd-a1dd-2771563cad7e_skPd7tL_S3EZQzv.png	\N	2	37
413	property_images/f816fdd6-785a-42b7-8672-8e482f5160c1_tCvyPRN_ZE7VLvy.png	\N	3	37
414	property_images/3f4f39a1-7244-4127-bd5d-7cbfb6af5fa5_Z5NuvRH_4PN5Xvb.png	\N	4	37
416	property_images/5fe013ac-61bf-4916-896a-036a203a8fc4_qbCH2SO_eTfdT0v.png	\N	6	37
417	property_images/5706e870-374f-4865-b0ba-a52bfd25e310_gVrHFMv_dEckope.png	\N	7	37
418	property_images/af2d1712-38f2-4953-8bde-646ff1205c1b_wAJdXVd_B4ybHZd.png	\N	8	37
419	property_images/ccc89eba-2527-4a87-8f44-4947201d0768_KpjZksj_ED33SKL.png	\N	9	37
420	property_images/502ece46-0332-4957-8c1d-53213d0f266a_4d1Uogp_HsDmPoQ.png	\N	10	37
421	property_images/c42ca5f3-4f64-4b35-8a2e-339c9d404316_6VxqKA2_Wkm5jYY.png	\N	11	37
422	property_images/d4ad2553-497b-4be3-a978-3c9538f5678a_dsGiVDx_SnBBEry.png	\N	0	38
423	property_images/918a09a0-f7a8-4802-ad0e-b42182cbdae3_YM9u8ww_x6j181l.png	\N	1	38
424	property_images/22e8ea9f-b1aa-4f6f-9c6b-8d71b2ba0ac5_FbddCLz_R49Hzkh.png	\N	2	38
426	property_images/73c2e22c-7c97-42b7-b93c-d0a2be70fe87_jcLOqGp_MwsuCpg.png	\N	4	38
427	property_images/45aa52c1-c1b9-4e57-bb29-890315a9eae5_MiJOg5B_RjKtkgJ.png	\N	5	38
428	property_images/a67404ff-f65b-4d82-9bbe-82de8ca6dc13_6BcHyrY_ILaXAiy.png	\N	6	38
431	property_images/73c2e22c-7c97-42b7-b93c-d0a2be70fe87_jcLOqGp_NCogDeH.png	\N	9	38
429	property_images/dcb5f270-5f3c-4895-bf43-2c2d38b2c3ae_dEXNnxW_j1z0tQj.png	\N	7	38
430	property_images/42d1d42a-ad77-401e-a197-893796671544_uabZXCa_CeGJ6ES.png	\N	8	38
433	property_images/5d5f0f9d-201b-11f0-94d7-729d91c7db25_mJ2DIqa_ElJg7xt.png	\N	1	39
432	property_images/706f849a-1e97-11f0-8834-eeb8e3442148_ZYnjv6O_YxxZR6D.png	\N	0	39
434	property_images/6e6091d2-1e97-11f0-a327-fe88111b3a84_C6xTFfu_BYzWLSe.png	\N	2	39
302	property_images/d9712763-8605-41f8-8d64-9c661cfdb16b_47SVQ3n_r5Gca5p.jpg	\N	7	27
297	property_images/3c2ea401-02bc-4d93-9646-7d03e4417d11_K9inB8y_vsiNIdF.jpg	\N	2	27
310	property_images/1ab5fbaa-152c-4982-9a92-5efc739c071a_JIKtcYF_hrFrBdz.jpg	\N	7	28
315	property_images/affe1861-7c34-45a5-9039-441003d845a9_0lRNn89_qkMyHzr.png	\N	2	29
331	property_images/2d6d8278-6895-4e0c-ae6d-088f98863d54_INVZO26_9qxBl3s.png	\N	1	31
341	property_images/44eb2865-4e65-45c4-9bac-a73af0ea4eba_WyzFjU9_rtNofc5.png	\N	3	32
351	property_images/a722bd7d-5c67-4739-8881-a425c328db97_tjLvKOI_TgHahv4.png	\N	13	32
362	property_images/a166902d-bf59-4084-a693-d820ce2a94c8_jebVzFj_BpSKNgX.png	\N	10	33
365	property_images/10d8b03c-4d5e-48c3-a57d-644aa5ae10ca_ju2Pzqq_e3CgGtQ.png	\N	1	34
374	property_images/b698bbf1-3921-4bf7-b342-132f2d2daa3c_yxKxbe4_YxABtHk.png	\N	10	34
382	property_images/5ececd51-d54f-4b02-a07f-6f111c239dd6_EQK8QlR_zyDzpdd.png	\N	18	34
390	property_images/4ed2fca0-a37b-46cb-897f-8156310d44f6_m6yD3BI_dTWbvLQ.png	\N	0	35
405	property_images/10d0b62d-8f1b-4ace-bf25-438fe0b1e4cb_qEFBbMK_yBwMzNs.png	\N	7	36
415	property_images/ea585528-6549-45a9-92c3-7ed0280508c8_rRd4Gru_zBmuyJh.png	\N	5	37
425	property_images/9e2e9845-49cf-4745-ab47-d2ea907062cb_VJ3qYKV_vZo9j3G.png	\N	3	38
435	property_images/70450996-1e97-11f0-823a-2e4612288c82_n8mxsa4_2rae0KZ.png	\N	3	39
436	property_images/6e6d1275-1e97-11f0-98ff-760eed9d73b5_LvnLQkg_WP3xyjn.png	\N	4	39
437	property_images/769a6191-1e97-11f0-bf96-2e4a49273b79_7zE3Vfl_uusbzqX.png	\N	5	39
438	property_images/76b36c7d-1e97-11f0-98ff-760eed9d73b5_5ysWyz4_CSJH5Vm.png	\N	6	39
439	property_images/7ae16d5f-1e97-11f0-b947-56200fa47e9d_qJQNSWL_LCnkLkD.png	\N	7	39
440	property_images/7385af38-1e97-11f0-85df-6a6c046008ff_zIdVS1f_BHad3lV.png	\N	8	39
441	property_images/7ae76bc7-1e97-11f0-a2b4-0ecc67c7bddc_eLzRwqO_SOGIIcU.png	\N	9	39
\.


--
-- Data for Name: core_sublocation; Type: TABLE DATA; Schema: public; Owner: cozy_user
--

COPY public.core_sublocation (id, slug, name, location_id) FROM stdin;
9	mohammed-bin-rashid-city	Mohammed Bin Rashid City	1
10	dubai-land	Dubai Land	1
11	palm-jumeirah	Palm Jumeirah	1
12	dubai-marina	Dubai Marina	1
13	dubai-creek-harbour-the-lagoons	Dubai Creek Harbour (The Lagoons)	1
14	arabian-ranches-3	Arabian Ranches 3	1
\.


--
-- Data for Name: core_team; Type: TABLE DATA; Schema: public; Owner: cozy_user
--

COPY public.core_team (id, name, email, license_no, phone, picture) FROM stdin;
1	Zura Piolia	info@cozyproperties.com	\N	+971527856412	team_photos/Screenshot_2025-06-19_at_11.32.05.png
\.


--
-- Data for Name: core_towername; Type: TABLE DATA; Schema: public; Owner: cozy_user
--

COPY public.core_towername (id, slug, name, sublocation_id) FROM stdin;
15	district-one-villas	District One Villas	9
16	district-one-mansions	District One Mansions	9
17	serra	Serra	10
18	sobha-hartland-villas-phase-iii	Sobha Hartland Villas - Phase III	9
19	residences-14	Residences 14	9
20	residences-12	Residences 12	9
\.


--
-- Data for Name: custom_project_projectcomunitydetails; Type: TABLE DATA; Schema: public; Owner: cozy_user
--

COPY public.custom_project_projectcomunitydetails (id, project_detail_title, project_detail_sub_title, project_detail_description, is_features, project_id) FROM stdin;
\.


--
-- Data for Name: custom_project_projects; Type: TABLE DATA; Schema: public; Owner: cozy_user
--

COPY public.custom_project_projects (id, project_title, project_room_infos, project_location_infos, project_price_infos, project_payment_plan_cunstruction, project_payment_plan_handover, project_brochur, project_floorplan, about_the_developper, project_video, poject_video_url, has_gym, has_pool, has_private_pool, has_private_parking, has_laundry, has_pet_friendly, has_elevator, has_security, has_balcony, has_air_conditioning, has_heating, has_dishwasher, has_internet, has_cable_tv, has_fireplace, has_furnished, has_wheelchair_accessible, has_hardwood_or_tiledfloor, has_balcony_or_patio, has_walk_in_closet, has_modern_kitchen_appliances, has_soundproofing, has_smart_home_features, has_home_theater, has_wine_cellar, has_solar_panel, has_eco_friendly_feature, has_sauna_or_steam, has_gated_security, has_clubhouse_or_community_center, has_tennis_or_basketball, has_playground_or_park, has_walking_or_joggin_trail, has_lake_water_feature, has_golf_course, has_restaurant_or_cafee, has_shuttle_or_transport_service, has_buisness_center, has_community_event_or_classes, has_24_hours_maintenance_service, has_landscape_garden, has_barbecue_or_picnic_aeas, has_yoga_space, has_on_site_storage, has_recycling_and_waste_service, has_bike_storage_and_path, has_health_or_spa_centers, main_image, banner_image, status) FROM stdin;
\.


--
-- Data for Name: custom_project_uploadedimage; Type: TABLE DATA; Schema: public; Owner: cozy_user
--

COPY public.custom_project_uploadedimage (id, title, image, upload_date, project_comunity_details_id) FROM stdin;
\.


--
-- Data for Name: django_admin_log; Type: TABLE DATA; Schema: public; Owner: cozy_user
--

COPY public.django_admin_log (id, action_time, object_id, object_repr, action_flag, change_message, content_type_id, user_id) FROM stdin;
1	2025-06-17 13:22:54.185802+00	13	Parks Facing | G+2 | Big Plot | PHPP	3		11	2
2	2025-06-17 13:22:54.187488+00	12	Water View | 3 Years PP| Brand New	3		11	2
3	2025-06-17 13:22:54.188337+00	11	Lagoon View | Fully Furnished | Vacant Soon	3		11	2
4	2025-06-17 13:22:54.18905+00	10	Fully furnished |Brand New |Excess to a courtyard	3		11	2
5	2025-06-17 13:22:54.189703+00	9	Smart Home 2-Bed | Flexible Payment Plan	3		11	2
6	2025-06-17 13:22:54.190356+00	8	Spacious 5-Bed Villa | Private Pool & Elevator	3		11	2
7	2025-06-17 13:22:54.191047+00	7	Best Investment |Prime Location | Full Water View	3		11	2
8	2025-06-17 13:22:54.191678+00	6	Sea View | Resale | Semi-Furnished | 2BR Penthouse	3		11	2
9	2025-06-17 13:22:54.192269+00	5	Payment Plan | Forest Living | No Commission	3		11	2
10	2025-06-17 13:22:54.192892+00	4	Contemporary  | Swimming Pool  |  Roof Terrace	3		11	2
11	2025-06-17 13:22:54.193609+00	3	Big Type 1 |  Genuine Resale |  Ready Soon	3		11	2
12	2025-06-17 13:22:54.194337+00	2	Type 2 | Close to Lagoon and Community Club	3		11	2
13	2025-06-17 13:22:54.1951+00	1	Corner villa | Close to Lagoon and Community Club	3		11	2
14	2025-06-17 13:23:09.977681+00	7	Caya (Dubai)	3		13	2
15	2025-06-17 13:23:09.979164+00	6	Palace Residences (Dubai)	3		13	2
16	2025-06-17 13:23:09.980037+00	5	Sobha Hartland (Dubai)	3		13	2
17	2025-06-17 13:23:09.980985+00	4	Liv Lux (Dubai)	3		13	2
18	2025-06-17 13:23:09.981809+00	3	Six Senses Residences (Dubai)	3		13	2
19	2025-06-17 13:23:09.98257+00	2	Ghaf Woods (Dubai)	3		13	2
20	2025-06-17 13:23:09.983359+00	1	District One (Dubai)	3		13	2
21	2025-06-17 13:25:21.694573+00	8	Mohammed Bin Rashid City (Dubai)	3		13	2
22	2025-06-19 07:46:58.252018+00	26	Parks Facing | G+2 | Big Plot | PHPP	2	[{"changed": {"fields": ["Description", "Agent"]}}]	11	2
23	2025-06-19 08:19:42.052759+00	1	Zura Piolia	2	[{"changed": {"fields": ["Name", "Email", "Phone"]}}]	10	2
24	2025-06-19 09:04:48.105323+00	1	Zura Piolia	2	[{"changed": {"fields": ["Picture"]}}]	10	2
25	2025-06-19 09:07:52.415614+00	26	Parks Facing | G+2 | Big Plot | PHPP	3		11	2
26	2025-06-19 09:07:52.417417+00	25	Water View | 3 Years PP| Brand New	3		11	2
27	2025-06-19 09:07:52.418327+00	24	Lagoon View | Fully Furnished | Vacant Soon	3		11	2
28	2025-06-19 09:07:52.419112+00	23	Fully furnished |Brand New |Excess to a courtyard	3		11	2
29	2025-06-19 09:07:52.4199+00	22	Smart Home 2-Bed | Flexible Payment Plan	3		11	2
30	2025-06-19 09:07:52.420793+00	21	Spacious 5-Bed Villa | Private Pool & Elevator	3		11	2
31	2025-06-19 09:07:52.421622+00	20	Best Investment |Prime Location | Full Water View	3		11	2
32	2025-06-19 09:07:52.422375+00	19	Sea View | Resale | Semi-Furnished | 2BR Penthouse	3		11	2
33	2025-06-19 09:07:52.423151+00	18	Payment Plan | Forest Living | No Commission	3		11	2
34	2025-06-19 09:07:52.423891+00	17	Contemporary  | Swimming Pool  |  Roof Terrace	3		11	2
35	2025-06-19 09:07:52.424695+00	16	Big Type 1 |  Genuine Resale |  Ready Soon	3		11	2
36	2025-06-19 09:07:52.425498+00	15	Type 2 | Close to Lagoon and Community Club	3		11	2
37	2025-06-19 09:07:52.426251+00	14	Corner villa | Close to Lagoon and Community Club	3		11	2
38	2025-06-19 09:17:11.314083+00	39	Parks Facing | G+2 | Big Plot | PHPP	2	[{"changed": {"fields": ["Description", "Agent"]}}]	11	2
39	2025-06-19 09:17:30.115965+00	27	Corner villa | Close to Lagoon and Community Club	2	[{"changed": {"fields": ["Description", "Agent"]}}]	11	2
40	2025-06-19 09:20:36.782393+00	38	Water View | 3 Years PP| Brand New	2	[{"changed": {"fields": ["Description", "Agent"]}}]	11	2
41	2025-06-19 09:20:45.650578+00	37	Lagoon View | Fully Furnished | Vacant Soon	2	[{"changed": {"fields": ["Description", "Agent"]}}]	11	2
42	2025-06-19 09:20:53.36871+00	36	Fully furnished |Brand New |Excess to a courtyard	2	[{"changed": {"fields": ["Description", "Agent"]}}]	11	2
43	2025-06-19 09:21:01.787528+00	35	Smart Home 2-Bed | Flexible Payment Plan	2	[{"changed": {"fields": ["Description", "Agent"]}}]	11	2
44	2025-06-19 09:21:14.176302+00	34	Spacious 5-Bed Villa | Private Pool & Elevator	2	[{"changed": {"fields": ["Description", "Agent"]}}]	11	2
45	2025-06-19 09:21:21.846708+00	33	Best Investment |Prime Location | Full Water View	2	[{"changed": {"fields": ["Description", "Agent"]}}]	11	2
46	2025-06-19 09:21:30.645152+00	32	Sea View | Resale | Semi-Furnished | 2BR Penthouse	2	[{"changed": {"fields": ["Description", "Agent"]}}]	11	2
47	2025-06-19 09:21:36.491391+00	31	Payment Plan | Forest Living | No Commission	2	[{"changed": {"fields": ["Description", "Agent"]}}]	11	2
48	2025-06-19 09:21:43.131391+00	30	Contemporary  | Swimming Pool  |  Roof Terrace	2	[{"changed": {"fields": ["Description", "Agent"]}}]	11	2
49	2025-06-19 09:21:51.227946+00	29	Big Type 1 |  Genuine Resale |  Ready Soon	2	[{"changed": {"fields": ["Description", "Agent"]}}]	11	2
50	2025-06-19 09:21:58.816915+00	28	Type 2 | Close to Lagoon and Community Club	2	[{"changed": {"fields": ["Description", "Agent"]}}]	11	2
51	2025-06-19 09:30:25.652367+00	2	Teona Buzaladze	3		10	2
52	2025-06-19 09:32:23.685035+00	1	Zura Piolia	2	[{"changed": {"fields": ["Picture"]}}]	10	2
53	2025-06-19 17:19:50.504114+00	302	Image for Corner villa | Close to Lagoon and Community Club	2	[{"changed": {"fields": ["Image"]}}]	12	2
54	2025-06-19 17:20:05.007824+00	301	Image for Corner villa | Close to Lagoon and Community Club	2	[{"changed": {"fields": ["Image"]}}]	12	2
55	2025-06-19 17:20:10.750601+00	300	Image for Corner villa | Close to Lagoon and Community Club	2	[{"changed": {"fields": ["Image"]}}]	12	2
56	2025-06-19 17:20:15.498876+00	299	Image for Corner villa | Close to Lagoon and Community Club	2	[{"changed": {"fields": ["Image"]}}]	12	2
57	2025-06-19 17:20:20.447732+00	298	Image for Corner villa | Close to Lagoon and Community Club	2	[{"changed": {"fields": ["Image"]}}]	12	2
58	2025-06-19 17:20:26.371712+00	297	Image for Corner villa | Close to Lagoon and Community Club	2	[{"changed": {"fields": ["Image"]}}]	12	2
59	2025-06-19 17:20:30.966038+00	296	Image for Corner villa | Close to Lagoon and Community Club	2	[{"changed": {"fields": ["Image"]}}]	12	2
60	2025-06-19 17:20:35.291543+00	295	Image for Corner villa | Close to Lagoon and Community Club	2	[{"changed": {"fields": ["Image"]}}]	12	2
61	2025-06-19 17:24:45.115819+00	303	Image for Type 2 | Close to Lagoon and Community Club	2	[{"changed": {"fields": ["Image"]}}]	12	2
62	2025-06-19 17:24:52.226917+00	304	Image for Type 2 | Close to Lagoon and Community Club	2	[{"changed": {"fields": ["Image"]}}]	12	2
63	2025-06-19 17:25:00.814473+00	305	Image for Type 2 | Close to Lagoon and Community Club	2	[{"changed": {"fields": ["Image"]}}]	12	2
64	2025-06-19 17:25:06.874614+00	306	Image for Type 2 | Close to Lagoon and Community Club	2	[{"changed": {"fields": ["Image"]}}]	12	2
65	2025-06-19 17:25:12.467248+00	307	Image for Type 2 | Close to Lagoon and Community Club	2	[{"changed": {"fields": ["Image"]}}]	12	2
66	2025-06-19 17:25:18.515761+00	308	Image for Type 2 | Close to Lagoon and Community Club	2	[{"changed": {"fields": ["Image"]}}]	12	2
67	2025-06-19 17:25:23.69097+00	309	Image for Type 2 | Close to Lagoon and Community Club	2	[{"changed": {"fields": ["Image"]}}]	12	2
68	2025-06-19 17:25:28.472662+00	310	Image for Type 2 | Close to Lagoon and Community Club	2	[{"changed": {"fields": ["Image"]}}]	12	2
69	2025-06-19 17:25:36.042644+00	311	Image for Type 2 | Close to Lagoon and Community Club	2	[{"changed": {"fields": ["Image"]}}]	12	2
70	2025-06-19 17:25:41.830391+00	312	Image for Type 2 | Close to Lagoon and Community Club	2	[{"changed": {"fields": ["Image"]}}]	12	2
71	2025-06-19 17:31:48.713723+00	322	Image for Big Type 1 |  Genuine Resale |  Ready Soon	2	[{"changed": {"fields": ["Image"]}}]	12	2
72	2025-06-19 17:31:59.833141+00	321	Image for Big Type 1 |  Genuine Resale |  Ready Soon	2	[{"changed": {"fields": ["Image"]}}]	12	2
73	2025-06-19 17:32:06.233675+00	320	Image for Big Type 1 |  Genuine Resale |  Ready Soon	2	[{"changed": {"fields": ["Image"]}}]	12	2
74	2025-06-19 17:32:13.177737+00	319	Image for Big Type 1 |  Genuine Resale |  Ready Soon	2	[{"changed": {"fields": ["Image"]}}]	12	2
75	2025-06-19 17:32:22.014016+00	318	Image for Big Type 1 |  Genuine Resale |  Ready Soon	2	[{"changed": {"fields": ["Image"]}}]	12	2
76	2025-06-19 17:32:30.436056+00	317	Image for Big Type 1 |  Genuine Resale |  Ready Soon	2	[{"changed": {"fields": ["Image"]}}]	12	2
77	2025-06-19 17:32:36.922606+00	316	Image for Big Type 1 |  Genuine Resale |  Ready Soon	2	[{"changed": {"fields": ["Image"]}}]	12	2
78	2025-06-19 17:32:42.759721+00	315	Image for Big Type 1 |  Genuine Resale |  Ready Soon	2	[{"changed": {"fields": ["Image"]}}]	12	2
79	2025-06-19 17:32:52.351781+00	314	Image for Big Type 1 |  Genuine Resale |  Ready Soon	2	[{"changed": {"fields": ["Image"]}}]	12	2
80	2025-06-19 17:32:58.813089+00	313	Image for Big Type 1 |  Genuine Resale |  Ready Soon	2	[{"changed": {"fields": ["Image"]}}]	12	2
81	2025-06-19 17:36:23.21167+00	329	Image for Contemporary  | Swimming Pool  |  Roof Terrace	2	[{"changed": {"fields": ["Image"]}}]	12	2
82	2025-06-19 17:36:27.100403+00	328	Image for Contemporary  | Swimming Pool  |  Roof Terrace	2	[{"changed": {"fields": ["Image"]}}]	12	2
83	2025-06-19 17:36:31.491337+00	327	Image for Contemporary  | Swimming Pool  |  Roof Terrace	2	[{"changed": {"fields": ["Image"]}}]	12	2
84	2025-06-19 17:36:35.732112+00	326	Image for Contemporary  | Swimming Pool  |  Roof Terrace	2	[{"changed": {"fields": ["Image"]}}]	12	2
85	2025-06-19 17:36:40.104282+00	325	Image for Contemporary  | Swimming Pool  |  Roof Terrace	2	[{"changed": {"fields": ["Image"]}}]	12	2
86	2025-06-19 17:36:44.187136+00	324	Image for Contemporary  | Swimming Pool  |  Roof Terrace	2	[{"changed": {"fields": ["Image"]}}]	12	2
87	2025-06-19 17:36:57.404497+00	323	Image for Contemporary  | Swimming Pool  |  Roof Terrace	2	[{"changed": {"fields": ["Image"]}}]	12	2
88	2025-06-19 17:45:17.114334+00	330	Image for Payment Plan | Forest Living | No Commission	2	[{"changed": {"fields": ["Image"]}}]	12	2
89	2025-06-19 17:45:23.365164+00	331	Image for Payment Plan | Forest Living | No Commission	2	[{"changed": {"fields": ["Image"]}}]	12	2
90	2025-06-19 17:45:29.159724+00	332	Image for Payment Plan | Forest Living | No Commission	2	[{"changed": {"fields": ["Image"]}}]	12	2
91	2025-06-19 17:45:34.149237+00	333	Image for Payment Plan | Forest Living | No Commission	2	[{"changed": {"fields": ["Image"]}}]	12	2
92	2025-06-19 17:45:38.58728+00	334	Image for Payment Plan | Forest Living | No Commission	2	[{"changed": {"fields": ["Image"]}}]	12	2
93	2025-06-19 17:45:44.103965+00	335	Image for Payment Plan | Forest Living | No Commission	2	[{"changed": {"fields": ["Image"]}}]	12	2
94	2025-06-19 17:45:48.481656+00	336	Image for Payment Plan | Forest Living | No Commission	2	[{"changed": {"fields": ["Image"]}}]	12	2
95	2025-06-19 17:45:58.064418+00	337	Image for Payment Plan | Forest Living | No Commission	2	[{"changed": {"fields": ["Image"]}}]	12	2
96	2025-06-19 17:53:14.123802+00	338	Image for Sea View | Resale | Semi-Furnished | 2BR Penthouse	2	[{"changed": {"fields": ["Image"]}}]	12	2
97	2025-06-19 17:53:19.267664+00	339	Image for Sea View | Resale | Semi-Furnished | 2BR Penthouse	2	[{"changed": {"fields": ["Image"]}}]	12	2
98	2025-06-19 17:53:25.770519+00	340	Image for Sea View | Resale | Semi-Furnished | 2BR Penthouse	2	[{"changed": {"fields": ["Image"]}}]	12	2
99	2025-06-19 17:53:30.509749+00	341	Image for Sea View | Resale | Semi-Furnished | 2BR Penthouse	2	[{"changed": {"fields": ["Image"]}}]	12	2
100	2025-06-19 17:53:35.906373+00	342	Image for Sea View | Resale | Semi-Furnished | 2BR Penthouse	2	[{"changed": {"fields": ["Image"]}}]	12	2
101	2025-06-19 17:53:40.471298+00	343	Image for Sea View | Resale | Semi-Furnished | 2BR Penthouse	2	[{"changed": {"fields": ["Image"]}}]	12	2
102	2025-06-19 17:53:46.079761+00	344	Image for Sea View | Resale | Semi-Furnished | 2BR Penthouse	2	[{"changed": {"fields": ["Image"]}}]	12	2
103	2025-06-19 17:53:53.619834+00	345	Image for Sea View | Resale | Semi-Furnished | 2BR Penthouse	2	[{"changed": {"fields": ["Image"]}}]	12	2
104	2025-06-19 17:54:00.073504+00	346	Image for Sea View | Resale | Semi-Furnished | 2BR Penthouse	2	[{"changed": {"fields": ["Image"]}}]	12	2
105	2025-06-19 17:54:11.270799+00	347	Image for Sea View | Resale | Semi-Furnished | 2BR Penthouse	2	[{"changed": {"fields": ["Image"]}}]	12	2
106	2025-06-19 17:54:32.383594+00	348	Image for Sea View | Resale | Semi-Furnished | 2BR Penthouse	2	[{"changed": {"fields": ["Image"]}}]	12	2
107	2025-06-19 17:54:41.623466+00	349	Image for Sea View | Resale | Semi-Furnished | 2BR Penthouse	2	[{"changed": {"fields": ["Image"]}}]	12	2
108	2025-06-19 17:54:49.603996+00	350	Image for Sea View | Resale | Semi-Furnished | 2BR Penthouse	2	[{"changed": {"fields": ["Image"]}}]	12	2
109	2025-06-19 17:55:06.036957+00	351	Image for Sea View | Resale | Semi-Furnished | 2BR Penthouse	2	[{"changed": {"fields": ["Image"]}}]	12	2
110	2025-06-19 18:00:45.656869+00	352	Image for Best Investment |Prime Location | Full Water View	2	[{"changed": {"fields": ["Image"]}}]	12	2
111	2025-06-19 18:01:02.055072+00	353	Image for Best Investment |Prime Location | Full Water View	2	[{"changed": {"fields": ["Image"]}}]	12	2
112	2025-06-19 18:01:08.592741+00	357	Image for Best Investment |Prime Location | Full Water View	2	[{"changed": {"fields": ["Image"]}}]	12	2
113	2025-06-19 18:01:10.969798+00	355	Image for Best Investment |Prime Location | Full Water View	2	[{"changed": {"fields": ["Image"]}}]	12	2
114	2025-06-19 18:01:11.358552+00	354	Image for Best Investment |Prime Location | Full Water View	2	[{"changed": {"fields": ["Image"]}}]	12	2
115	2025-06-19 18:01:12.777541+00	358	Image for Best Investment |Prime Location | Full Water View	2	[{"changed": {"fields": ["Image"]}}]	12	2
116	2025-06-19 18:01:17.646843+00	356	Image for Best Investment |Prime Location | Full Water View	2	[{"changed": {"fields": ["Image"]}}]	12	2
117	2025-06-19 18:01:18.065508+00	359	Image for Best Investment |Prime Location | Full Water View	2	[{"changed": {"fields": ["Image"]}}]	12	2
118	2025-06-19 18:01:20.871658+00	360	Image for Best Investment |Prime Location | Full Water View	2	[{"changed": {"fields": ["Image"]}}]	12	2
119	2025-06-19 18:01:24.928227+00	361	Image for Best Investment |Prime Location | Full Water View	2	[{"changed": {"fields": ["Image"]}}]	12	2
120	2025-06-19 18:01:29.144425+00	362	Image for Best Investment |Prime Location | Full Water View	2	[{"changed": {"fields": ["Image"]}}]	12	2
121	2025-06-19 18:01:32.997718+00	363	Image for Best Investment |Prime Location | Full Water View	2	[{"changed": {"fields": ["Image"]}}]	12	2
122	2025-06-19 18:18:46.570557+00	364	Image for Spacious 5-Bed Villa | Private Pool & Elevator	2	[{"changed": {"fields": ["Image"]}}]	12	2
123	2025-06-19 18:18:50.93343+00	365	Image for Spacious 5-Bed Villa | Private Pool & Elevator	2	[{"changed": {"fields": ["Image"]}}]	12	2
124	2025-06-19 18:18:56.211876+00	366	Image for Spacious 5-Bed Villa | Private Pool & Elevator	2	[{"changed": {"fields": ["Image"]}}]	12	2
125	2025-06-19 18:19:07.766508+00	369	Image for Spacious 5-Bed Villa | Private Pool & Elevator	2	[{"changed": {"fields": ["Image"]}}]	12	2
126	2025-06-19 18:19:13.004256+00	367	Image for Spacious 5-Bed Villa | Private Pool & Elevator	2	[{"changed": {"fields": ["Image"]}}]	12	2
127	2025-06-19 18:19:26.805272+00	368	Image for Spacious 5-Bed Villa | Private Pool & Elevator	2	[{"changed": {"fields": ["Image"]}}]	12	2
128	2025-06-19 18:19:40.045416+00	374	Image for Spacious 5-Bed Villa | Private Pool & Elevator	2	[{"changed": {"fields": ["Image"]}}]	12	2
129	2025-06-19 18:19:47.085594+00	371	Image for Spacious 5-Bed Villa | Private Pool & Elevator	2	[{"changed": {"fields": ["Image"]}}]	12	2
130	2025-06-19 18:20:03.097062+00	376	Image for Spacious 5-Bed Villa | Private Pool & Elevator	2	[{"changed": {"fields": ["Image"]}}]	12	2
131	2025-06-19 18:20:09.57742+00	370	Image for Spacious 5-Bed Villa | Private Pool & Elevator	2	[{"changed": {"fields": ["Image"]}}]	12	2
132	2025-06-19 18:20:18.182455+00	373	Image for Spacious 5-Bed Villa | Private Pool & Elevator	2	[{"changed": {"fields": ["Image"]}}]	12	2
133	2025-06-19 18:21:11.969697+00	372	Image for Spacious 5-Bed Villa | Private Pool & Elevator	2	[{"changed": {"fields": ["Image"]}}]	12	2
134	2025-06-19 18:21:28.908895+00	377	Image for Spacious 5-Bed Villa | Private Pool & Elevator	2	[{"changed": {"fields": ["Image"]}}]	12	2
135	2025-06-19 18:21:34.532062+00	375	Image for Spacious 5-Bed Villa | Private Pool & Elevator	2	[{"changed": {"fields": ["Image"]}}]	12	2
136	2025-06-19 18:21:58.021106+00	380	Image for Spacious 5-Bed Villa | Private Pool & Elevator	2	[{"changed": {"fields": ["Image"]}}]	12	2
137	2025-06-19 18:22:09.118684+00	378	Image for Spacious 5-Bed Villa | Private Pool & Elevator	2	[{"changed": {"fields": ["Image"]}}]	12	2
138	2025-06-19 18:22:10.629033+00	382	Image for Spacious 5-Bed Villa | Private Pool & Elevator	2	[{"changed": {"fields": ["Image"]}}]	12	2
139	2025-06-19 18:22:12.715287+00	381	Image for Spacious 5-Bed Villa | Private Pool & Elevator	2	[{"changed": {"fields": ["Image"]}}]	12	2
140	2025-06-19 18:22:24.852647+00	379	Image for Spacious 5-Bed Villa | Private Pool & Elevator	2	[{"changed": {"fields": ["Image"]}}]	12	2
141	2025-06-19 18:25:15.092049+00	384	Image for Spacious 5-Bed Villa | Private Pool & Elevator	2	[{"changed": {"fields": ["Image"]}}]	12	2
142	2025-06-19 18:25:17.67249+00	383	Image for Spacious 5-Bed Villa | Private Pool & Elevator	2	[{"changed": {"fields": ["Image"]}}]	12	2
143	2025-06-19 18:25:22.427871+00	385	Image for Spacious 5-Bed Villa | Private Pool & Elevator	2	[{"changed": {"fields": ["Image"]}}]	12	2
144	2025-06-19 18:25:29.835845+00	386	Image for Spacious 5-Bed Villa | Private Pool & Elevator	2	[{"changed": {"fields": ["Image"]}}]	12	2
145	2025-06-19 18:25:33.05475+00	388	Image for Spacious 5-Bed Villa | Private Pool & Elevator	2	[{"changed": {"fields": ["Image"]}}]	12	2
146	2025-06-19 18:25:37.6961+00	387	Image for Spacious 5-Bed Villa | Private Pool & Elevator	2	[{"changed": {"fields": ["Image"]}}]	12	2
147	2025-06-19 18:25:43.424763+00	376	Image for Spacious 5-Bed Villa | Private Pool & Elevator	2	[]	12	2
148	2025-06-19 18:26:31.901048+00	389	Image for Spacious 5-Bed Villa | Private Pool & Elevator	2	[{"changed": {"fields": ["Image"]}}]	12	2
149	2025-06-19 18:35:15.237789+00	390	Image for Smart Home 2-Bed | Flexible Payment Plan	2	[{"changed": {"fields": ["Image"]}}]	12	2
150	2025-06-19 18:35:19.242341+00	391	Image for Smart Home 2-Bed | Flexible Payment Plan	2	[{"changed": {"fields": ["Image"]}}]	12	2
151	2025-06-19 18:35:28.925548+00	392	Image for Smart Home 2-Bed | Flexible Payment Plan	2	[{"changed": {"fields": ["Image"]}}]	12	2
152	2025-06-19 18:35:34.54552+00	393	Image for Smart Home 2-Bed | Flexible Payment Plan	2	[{"changed": {"fields": ["Image"]}}]	12	2
153	2025-06-19 18:35:40.719622+00	394	Image for Smart Home 2-Bed | Flexible Payment Plan	2	[{"changed": {"fields": ["Image"]}}]	12	2
154	2025-06-19 18:35:49.737503+00	395	Image for Smart Home 2-Bed | Flexible Payment Plan	2	[{"changed": {"fields": ["Image"]}}]	12	2
155	2025-06-19 18:35:57.06775+00	396	Image for Smart Home 2-Bed | Flexible Payment Plan	2	[{"changed": {"fields": ["Image"]}}]	12	2
156	2025-06-19 18:36:07.59784+00	397	Image for Smart Home 2-Bed | Flexible Payment Plan	2	[{"changed": {"fields": ["Image"]}}]	12	2
157	2025-06-19 18:41:12.125247+00	398	Image for Fully furnished |Brand New |Excess to a courtyard	2	[{"changed": {"fields": ["Image"]}}]	12	2
158	2025-06-19 18:41:14.748457+00	399	Image for Fully furnished |Brand New |Excess to a courtyard	2	[{"changed": {"fields": ["Image"]}}]	12	2
159	2025-06-19 18:41:27.022325+00	400	Image for Fully furnished |Brand New |Excess to a courtyard	2	[{"changed": {"fields": ["Image"]}}]	12	2
160	2025-06-19 18:41:27.058811+00	401	Image for Fully furnished |Brand New |Excess to a courtyard	2	[{"changed": {"fields": ["Image"]}}]	12	2
161	2025-06-19 18:41:27.748605+00	402	Image for Fully furnished |Brand New |Excess to a courtyard	2	[{"changed": {"fields": ["Image"]}}]	12	2
162	2025-06-19 18:41:30.137479+00	403	Image for Fully furnished |Brand New |Excess to a courtyard	2	[{"changed": {"fields": ["Image"]}}]	12	2
163	2025-06-19 18:41:33.756841+00	404	Image for Fully furnished |Brand New |Excess to a courtyard	2	[{"changed": {"fields": ["Image"]}}]	12	2
164	2025-06-19 18:41:37.601153+00	405	Image for Fully furnished |Brand New |Excess to a courtyard	2	[{"changed": {"fields": ["Image"]}}]	12	2
165	2025-06-19 18:41:41.611542+00	406	Image for Fully furnished |Brand New |Excess to a courtyard	2	[{"changed": {"fields": ["Image"]}}]	12	2
166	2025-06-19 18:41:46.324169+00	407	Image for Fully furnished |Brand New |Excess to a courtyard	2	[{"changed": {"fields": ["Image"]}}]	12	2
167	2025-06-19 18:41:50.714545+00	408	Image for Fully furnished |Brand New |Excess to a courtyard	2	[{"changed": {"fields": ["Image"]}}]	12	2
168	2025-06-19 18:41:53.490883+00	409	Image for Fully furnished |Brand New |Excess to a courtyard	2	[{"changed": {"fields": ["Image"]}}]	12	2
169	2025-06-19 18:45:49.519412+00	410	Image for Lagoon View | Fully Furnished | Vacant Soon	2	[{"changed": {"fields": ["Image"]}}]	12	2
170	2025-06-19 18:45:54.202687+00	411	Image for Lagoon View | Fully Furnished | Vacant Soon	2	[{"changed": {"fields": ["Image"]}}]	12	2
171	2025-06-19 18:45:58.08927+00	412	Image for Lagoon View | Fully Furnished | Vacant Soon	2	[{"changed": {"fields": ["Image"]}}]	12	2
172	2025-06-19 18:46:01.724547+00	413	Image for Lagoon View | Fully Furnished | Vacant Soon	2	[{"changed": {"fields": ["Image"]}}]	12	2
173	2025-06-19 18:46:05.543258+00	414	Image for Lagoon View | Fully Furnished | Vacant Soon	2	[{"changed": {"fields": ["Image"]}}]	12	2
174	2025-06-19 18:46:09.502751+00	415	Image for Lagoon View | Fully Furnished | Vacant Soon	2	[{"changed": {"fields": ["Image"]}}]	12	2
175	2025-06-19 18:46:13.701986+00	416	Image for Lagoon View | Fully Furnished | Vacant Soon	2	[{"changed": {"fields": ["Image"]}}]	12	2
176	2025-06-19 18:46:17.216017+00	417	Image for Lagoon View | Fully Furnished | Vacant Soon	2	[{"changed": {"fields": ["Image"]}}]	12	2
177	2025-06-19 18:46:21.563846+00	418	Image for Lagoon View | Fully Furnished | Vacant Soon	2	[{"changed": {"fields": ["Image"]}}]	12	2
178	2025-06-19 18:46:25.938541+00	419	Image for Lagoon View | Fully Furnished | Vacant Soon	2	[{"changed": {"fields": ["Image"]}}]	12	2
179	2025-06-19 18:46:29.456494+00	420	Image for Lagoon View | Fully Furnished | Vacant Soon	2	[{"changed": {"fields": ["Image"]}}]	12	2
180	2025-06-19 18:46:33.091846+00	421	Image for Lagoon View | Fully Furnished | Vacant Soon	2	[{"changed": {"fields": ["Image"]}}]	12	2
181	2025-06-19 18:53:16.010467+00	422	Image for Water View | 3 Years PP| Brand New	2	[{"changed": {"fields": ["Image"]}}]	12	2
182	2025-06-19 18:53:31.710249+00	423	Image for Water View | 3 Years PP| Brand New	2	[{"changed": {"fields": ["Image"]}}]	12	2
183	2025-06-19 18:53:38.853598+00	424	Image for Water View | 3 Years PP| Brand New	2	[{"changed": {"fields": ["Image"]}}]	12	2
184	2025-06-19 18:54:03.680303+00	425	Image for Water View | 3 Years PP| Brand New	2	[{"changed": {"fields": ["Image"]}}]	12	2
185	2025-06-19 18:54:11.626396+00	426	Image for Water View | 3 Years PP| Brand New	2	[{"changed": {"fields": ["Image"]}}]	12	2
186	2025-06-19 18:54:27.379718+00	427	Image for Water View | 3 Years PP| Brand New	2	[{"changed": {"fields": ["Image"]}}]	12	2
187	2025-06-19 18:54:35.770193+00	428	Image for Water View | 3 Years PP| Brand New	2	[{"changed": {"fields": ["Image"]}}]	12	2
188	2025-06-19 18:54:41.410754+00	431	Image for Water View | 3 Years PP| Brand New	2	[{"changed": {"fields": ["Image"]}}]	12	2
189	2025-06-19 18:54:41.624962+00	429	Image for Water View | 3 Years PP| Brand New	2	[{"changed": {"fields": ["Image"]}}]	12	2
190	2025-06-19 18:54:41.705279+00	430	Image for Water View | 3 Years PP| Brand New	2	[{"changed": {"fields": ["Image"]}}]	12	2
191	2025-06-19 18:59:39.212781+00	432	Image for Parks Facing | G+2 | Big Plot | PHPP	2	[{"changed": {"fields": ["Image"]}}]	12	2
192	2025-06-19 18:59:56.791695+00	432	Image for Parks Facing | G+2 | Big Plot | PHPP	2	[{"changed": {"fields": ["Image"]}}]	12	2
193	2025-06-19 19:00:00.902515+00	433	Image for Parks Facing | G+2 | Big Plot | PHPP	2	[{"changed": {"fields": ["Image"]}}]	12	2
194	2025-06-19 19:00:08.992871+00	434	Image for Parks Facing | G+2 | Big Plot | PHPP	2	[{"changed": {"fields": ["Image"]}}]	12	2
195	2025-06-19 19:00:15.109161+00	435	Image for Parks Facing | G+2 | Big Plot | PHPP	2	[{"changed": {"fields": ["Image"]}}]	12	2
196	2025-06-19 19:00:20.126457+00	436	Image for Parks Facing | G+2 | Big Plot | PHPP	2	[{"changed": {"fields": ["Image"]}}]	12	2
197	2025-06-19 19:00:27.252689+00	437	Image for Parks Facing | G+2 | Big Plot | PHPP	2	[{"changed": {"fields": ["Image"]}}]	12	2
198	2025-06-19 19:00:37.88176+00	438	Image for Parks Facing | G+2 | Big Plot | PHPP	2	[{"changed": {"fields": ["Image"]}}]	12	2
199	2025-06-19 19:00:46.74976+00	439	Image for Parks Facing | G+2 | Big Plot | PHPP	2	[{"changed": {"fields": ["Image"]}}]	12	2
200	2025-06-19 19:00:52.905221+00	440	Image for Parks Facing | G+2 | Big Plot | PHPP	2	[{"changed": {"fields": ["Image"]}}]	12	2
201	2025-06-19 19:00:54.572345+00	441	Image for Parks Facing | G+2 | Big Plot | PHPP	2	[{"changed": {"fields": ["Image"]}}]	12	2
202	2025-06-20 07:58:06.283613+00	27	Corner villa | Close to Lagoon and Community Club	2	[{"changed": {"fields": ["Ref", "Description"]}}]	11	2
203	2025-06-20 07:58:57.664032+00	39	Parks Facing | G+2 | Big Plot | PHPP	2	[{"changed": {"fields": ["Ref", "Description"]}}]	11	2
204	2025-06-20 07:59:36.958471+00	38	Water View | 3 Years PP| Brand New	2	[{"changed": {"fields": ["Ref", "Description"]}}]	11	2
205	2025-06-20 08:00:32.407869+00	37	Lagoon View | Fully Furnished | Vacant Soon	2	[{"changed": {"fields": ["Ref", "Description"]}}]	11	2
206	2025-06-20 08:01:22.620539+00	36	Fully furnished |Brand New |Excess to a courtyard	2	[{"changed": {"fields": ["Ref", "Description"]}}]	11	2
207	2025-06-20 08:01:58.365841+00	35	Smart Home 2-Bed | Flexible Payment Plan	2	[{"changed": {"fields": ["Ref", "Description"]}}]	11	2
208	2025-06-20 08:02:29.532317+00	34	Spacious 5-Bed Villa | Private Pool & Elevator	2	[{"changed": {"fields": ["Ref", "Description"]}}]	11	2
209	2025-06-20 08:03:10.110908+00	33	Best Investment |Prime Location | Full Water View	2	[{"changed": {"fields": ["Ref", "Description"]}}]	11	2
210	2025-06-20 08:03:41.316088+00	32	Sea View | Resale | Semi-Furnished | 2BR Penthouse	2	[{"changed": {"fields": ["Ref", "Description"]}}]	11	2
211	2025-06-20 08:04:19.639464+00	31	Payment Plan | Forest Living | No Commission	2	[{"changed": {"fields": ["Ref", "Description"]}}]	11	2
212	2025-06-20 08:05:00.985522+00	30	Contemporary  | Swimming Pool  |  Roof Terrace	2	[{"changed": {"fields": ["Ref", "Description"]}}]	11	2
213	2025-06-20 08:05:36.51352+00	29	Big Type 1 |  Genuine Resale |  Ready Soon	2	[{"changed": {"fields": ["Ref", "Description"]}}]	11	2
214	2025-06-20 08:06:16.879228+00	28	Type 2 | Close to Lagoon and Community Club	2	[{"changed": {"fields": ["Ref", "Description"]}}]	11	2
\.


--
-- Data for Name: django_content_type; Type: TABLE DATA; Schema: public; Owner: cozy_user
--

COPY public.django_content_type (id, app_label, model) FROM stdin;
1	admin	logentry
2	auth	permission
3	auth	group
4	auth	user
5	contenttypes	contenttype
6	sessions	session
7	core	appartype
8	core	infos
9	core	location
10	core	team
11	core	properties
12	core	propertyimage
13	core	sublocation
14	core	towername
15	custom_project	projectcomunitydetails
16	custom_project	projects
17	custom_project	uploadedimage
\.


--
-- Data for Name: django_migrations; Type: TABLE DATA; Schema: public; Owner: cozy_user
--

COPY public.django_migrations (id, app, name, applied) FROM stdin;
1	contenttypes	0001_initial	2025-06-17 10:09:22.958636+00
2	auth	0001_initial	2025-06-17 10:09:22.985348+00
3	admin	0001_initial	2025-06-17 10:09:22.995064+00
4	admin	0002_logentry_remove_auto_add	2025-06-17 10:09:22.999401+00
5	admin	0003_logentry_add_action_flag_choices	2025-06-17 10:09:23.003747+00
6	contenttypes	0002_remove_content_type_name	2025-06-17 10:09:23.013322+00
7	auth	0002_alter_permission_name_max_length	2025-06-17 10:09:23.017665+00
8	auth	0003_alter_user_email_max_length	2025-06-17 10:09:23.022106+00
9	auth	0004_alter_user_username_opts	2025-06-17 10:09:23.026079+00
10	auth	0005_alter_user_last_login_null	2025-06-17 10:09:23.031265+00
11	auth	0006_require_contenttypes_0002	2025-06-17 10:09:23.031967+00
12	auth	0007_alter_validators_add_error_messages	2025-06-17 10:09:23.035694+00
13	auth	0008_alter_user_username_max_length	2025-06-17 10:09:23.040903+00
14	auth	0009_alter_user_last_name_max_length	2025-06-17 10:09:23.045065+00
15	auth	0010_alter_group_name_max_length	2025-06-17 10:09:23.04972+00
16	auth	0011_update_proxy_permissions	2025-06-17 10:09:23.05368+00
17	auth	0012_alter_user_first_name_max_length	2025-06-17 10:09:23.057852+00
18	core	0001_initial	2025-06-17 10:09:23.10105+00
19	core	0002_remove_properties_geopoints_and_more	2025-06-17 10:09:23.113758+00
20	core	0003_properties_offering_type_and_more	2025-06-17 10:09:23.134054+00
21	custom_project	0001_initial	2025-06-17 10:09:23.148842+00
22	sessions	0001_initial	2025-06-17 10:09:23.152021+00
23	core	0004_remove_properties_location_latitude_and_more	2025-06-17 13:20:43.697413+00
24	core	0005_alter_team_photo	2025-06-19 08:53:34.023151+00
25	core	0006_rename_photo_team_picture	2025-06-19 08:53:34.028237+00
\.


--
-- Data for Name: django_session; Type: TABLE DATA; Schema: public; Owner: cozy_user
--

COPY public.django_session (session_key, session_data, expire_date) FROM stdin;
3vzq195yhlukypeecrz7o8lpbrqqsxiv	.eJxVjMsOwiAQRf-FtSE8Ch1duu83kBkYpGogKe3K-O_apAvd3nPOfYmA21rC1nkJcxIXYcTpdyOMD647SHestyZjq-syk9wVedAup5b4eT3cv4OCvXzraCFjzs4565EM-MQDE2ZDCkBpqwnJRtTGEPEIZ-eAfVYKoh5yGkm8PwIROIY:1uRWGn:IkDmvetpFwvxP8UynD4oX8L_l4pDto5aMfdf9CTb8Yc	2025-07-01 13:22:33.818745+00
9orbinxmj58i1xzii7u2yuynnkmluj7h	.eJxVjMsOwiAQRf-FtSE8Ch1duu83kBkYpGogKe3K-O_apAvd3nPOfYmA21rC1nkJcxIXYcTpdyOMD647SHestyZjq-syk9wVedAup5b4eT3cv4OCvXzraCFjzs4565EM-MQDE2ZDCkBpqwnJRtTGEPEIZ-eAfVYKoh5yGkm8PwIROIY:1uS9yP:XxcYN4p7OiiINlLtOl6p9QZ6cLQV_oVsRnowxqPpja4	2025-07-03 07:46:13.569053+00
5jv1eks52aunn371ylo7zjex014l5lw7	.eJxVjMsOwiAQRf-FtSE8Ch1duu83kBkYpGogKe3K-O_apAvd3nPOfYmA21rC1nkJcxIXYcTpdyOMD647SHestyZjq-syk9wVedAup5b4eT3cv4OCvXzraCFjzs4565EM-MQDE2ZDCkBpqwnJRtTGEPEIZ-eAfVYKoh5yGkm8PwIROIY:1uSAt3:RTdoHwFGQNil2HT8a9GI4DY4gIwi40XZN3tYXwGQKq0	2025-07-03 08:44:45.742325+00
\.


--
-- Name: auth_group_id_seq; Type: SEQUENCE SET; Schema: public; Owner: cozy_user
--

SELECT pg_catalog.setval('public.auth_group_id_seq', 1, false);


--
-- Name: auth_group_permissions_id_seq; Type: SEQUENCE SET; Schema: public; Owner: cozy_user
--

SELECT pg_catalog.setval('public.auth_group_permissions_id_seq', 1, false);


--
-- Name: auth_permission_id_seq; Type: SEQUENCE SET; Schema: public; Owner: cozy_user
--

SELECT pg_catalog.setval('public.auth_permission_id_seq', 68, true);


--
-- Name: auth_user_groups_id_seq; Type: SEQUENCE SET; Schema: public; Owner: cozy_user
--

SELECT pg_catalog.setval('public.auth_user_groups_id_seq', 1, false);


--
-- Name: auth_user_id_seq; Type: SEQUENCE SET; Schema: public; Owner: cozy_user
--

SELECT pg_catalog.setval('public.auth_user_id_seq', 2, true);


--
-- Name: auth_user_user_permissions_id_seq; Type: SEQUENCE SET; Schema: public; Owner: cozy_user
--

SELECT pg_catalog.setval('public.auth_user_user_permissions_id_seq', 1, false);


--
-- Name: core_appartype_id_seq; Type: SEQUENCE SET; Schema: public; Owner: cozy_user
--

SELECT pg_catalog.setval('public.core_appartype_id_seq', 2, true);


--
-- Name: core_infos_id_seq; Type: SEQUENCE SET; Schema: public; Owner: cozy_user
--

SELECT pg_catalog.setval('public.core_infos_id_seq', 1, false);


--
-- Name: core_location_id_seq; Type: SEQUENCE SET; Schema: public; Owner: cozy_user
--

SELECT pg_catalog.setval('public.core_location_id_seq', 1, true);


--
-- Name: core_properties_id_seq; Type: SEQUENCE SET; Schema: public; Owner: cozy_user
--

SELECT pg_catalog.setval('public.core_properties_id_seq', 39, true);


--
-- Name: core_propertyimage_id_seq; Type: SEQUENCE SET; Schema: public; Owner: cozy_user
--

SELECT pg_catalog.setval('public.core_propertyimage_id_seq', 441, true);


--
-- Name: core_sublocation_id_seq; Type: SEQUENCE SET; Schema: public; Owner: cozy_user
--

SELECT pg_catalog.setval('public.core_sublocation_id_seq', 14, true);


--
-- Name: core_team_id_seq; Type: SEQUENCE SET; Schema: public; Owner: cozy_user
--

SELECT pg_catalog.setval('public.core_team_id_seq', 2, true);


--
-- Name: core_towername_id_seq; Type: SEQUENCE SET; Schema: public; Owner: cozy_user
--

SELECT pg_catalog.setval('public.core_towername_id_seq', 20, true);


--
-- Name: custom_project_projectcomunitydetails_id_seq; Type: SEQUENCE SET; Schema: public; Owner: cozy_user
--

SELECT pg_catalog.setval('public.custom_project_projectcomunitydetails_id_seq', 1, false);


--
-- Name: custom_project_projects_id_seq; Type: SEQUENCE SET; Schema: public; Owner: cozy_user
--

SELECT pg_catalog.setval('public.custom_project_projects_id_seq', 1, false);


--
-- Name: custom_project_uploadedimage_id_seq; Type: SEQUENCE SET; Schema: public; Owner: cozy_user
--

SELECT pg_catalog.setval('public.custom_project_uploadedimage_id_seq', 1, false);


--
-- Name: django_admin_log_id_seq; Type: SEQUENCE SET; Schema: public; Owner: cozy_user
--

SELECT pg_catalog.setval('public.django_admin_log_id_seq', 214, true);


--
-- Name: django_content_type_id_seq; Type: SEQUENCE SET; Schema: public; Owner: cozy_user
--

SELECT pg_catalog.setval('public.django_content_type_id_seq', 17, true);


--
-- Name: django_migrations_id_seq; Type: SEQUENCE SET; Schema: public; Owner: cozy_user
--

SELECT pg_catalog.setval('public.django_migrations_id_seq', 25, true);


--
-- Name: auth_group auth_group_name_key; Type: CONSTRAINT; Schema: public; Owner: cozy_user
--

ALTER TABLE ONLY public.auth_group
    ADD CONSTRAINT auth_group_name_key UNIQUE (name);


--
-- Name: auth_group_permissions auth_group_permissions_group_id_permission_id_0cd325b0_uniq; Type: CONSTRAINT; Schema: public; Owner: cozy_user
--

ALTER TABLE ONLY public.auth_group_permissions
    ADD CONSTRAINT auth_group_permissions_group_id_permission_id_0cd325b0_uniq UNIQUE (group_id, permission_id);


--
-- Name: auth_group_permissions auth_group_permissions_pkey; Type: CONSTRAINT; Schema: public; Owner: cozy_user
--

ALTER TABLE ONLY public.auth_group_permissions
    ADD CONSTRAINT auth_group_permissions_pkey PRIMARY KEY (id);


--
-- Name: auth_group auth_group_pkey; Type: CONSTRAINT; Schema: public; Owner: cozy_user
--

ALTER TABLE ONLY public.auth_group
    ADD CONSTRAINT auth_group_pkey PRIMARY KEY (id);


--
-- Name: auth_permission auth_permission_content_type_id_codename_01ab375a_uniq; Type: CONSTRAINT; Schema: public; Owner: cozy_user
--

ALTER TABLE ONLY public.auth_permission
    ADD CONSTRAINT auth_permission_content_type_id_codename_01ab375a_uniq UNIQUE (content_type_id, codename);


--
-- Name: auth_permission auth_permission_pkey; Type: CONSTRAINT; Schema: public; Owner: cozy_user
--

ALTER TABLE ONLY public.auth_permission
    ADD CONSTRAINT auth_permission_pkey PRIMARY KEY (id);


--
-- Name: auth_user_groups auth_user_groups_pkey; Type: CONSTRAINT; Schema: public; Owner: cozy_user
--

ALTER TABLE ONLY public.auth_user_groups
    ADD CONSTRAINT auth_user_groups_pkey PRIMARY KEY (id);


--
-- Name: auth_user_groups auth_user_groups_user_id_group_id_94350c0c_uniq; Type: CONSTRAINT; Schema: public; Owner: cozy_user
--

ALTER TABLE ONLY public.auth_user_groups
    ADD CONSTRAINT auth_user_groups_user_id_group_id_94350c0c_uniq UNIQUE (user_id, group_id);


--
-- Name: auth_user auth_user_pkey; Type: CONSTRAINT; Schema: public; Owner: cozy_user
--

ALTER TABLE ONLY public.auth_user
    ADD CONSTRAINT auth_user_pkey PRIMARY KEY (id);


--
-- Name: auth_user_user_permissions auth_user_user_permissions_pkey; Type: CONSTRAINT; Schema: public; Owner: cozy_user
--

ALTER TABLE ONLY public.auth_user_user_permissions
    ADD CONSTRAINT auth_user_user_permissions_pkey PRIMARY KEY (id);


--
-- Name: auth_user_user_permissions auth_user_user_permissions_user_id_permission_id_14a6b632_uniq; Type: CONSTRAINT; Schema: public; Owner: cozy_user
--

ALTER TABLE ONLY public.auth_user_user_permissions
    ADD CONSTRAINT auth_user_user_permissions_user_id_permission_id_14a6b632_uniq UNIQUE (user_id, permission_id);


--
-- Name: auth_user auth_user_username_key; Type: CONSTRAINT; Schema: public; Owner: cozy_user
--

ALTER TABLE ONLY public.auth_user
    ADD CONSTRAINT auth_user_username_key UNIQUE (username);


--
-- Name: core_appartype core_appartype_pkey; Type: CONSTRAINT; Schema: public; Owner: cozy_user
--

ALTER TABLE ONLY public.core_appartype
    ADD CONSTRAINT core_appartype_pkey PRIMARY KEY (id);


--
-- Name: core_appartype core_appartype_slug_key; Type: CONSTRAINT; Schema: public; Owner: cozy_user
--

ALTER TABLE ONLY public.core_appartype
    ADD CONSTRAINT core_appartype_slug_key UNIQUE (slug);


--
-- Name: core_infos core_infos_pkey; Type: CONSTRAINT; Schema: public; Owner: cozy_user
--

ALTER TABLE ONLY public.core_infos
    ADD CONSTRAINT core_infos_pkey PRIMARY KEY (id);


--
-- Name: core_infos core_infos_title_key; Type: CONSTRAINT; Schema: public; Owner: cozy_user
--

ALTER TABLE ONLY public.core_infos
    ADD CONSTRAINT core_infos_title_key UNIQUE (title);


--
-- Name: core_location core_location_pkey; Type: CONSTRAINT; Schema: public; Owner: cozy_user
--

ALTER TABLE ONLY public.core_location
    ADD CONSTRAINT core_location_pkey PRIMARY KEY (id);


--
-- Name: core_location core_location_slug_key; Type: CONSTRAINT; Schema: public; Owner: cozy_user
--

ALTER TABLE ONLY public.core_location
    ADD CONSTRAINT core_location_slug_key UNIQUE (slug);


--
-- Name: core_properties core_properties_pkey; Type: CONSTRAINT; Schema: public; Owner: cozy_user
--

ALTER TABLE ONLY public.core_properties
    ADD CONSTRAINT core_properties_pkey PRIMARY KEY (id);


--
-- Name: core_properties core_properties_slug_key; Type: CONSTRAINT; Schema: public; Owner: cozy_user
--

ALTER TABLE ONLY public.core_properties
    ADD CONSTRAINT core_properties_slug_key UNIQUE (slug);


--
-- Name: core_propertyimage core_propertyimage_pkey; Type: CONSTRAINT; Schema: public; Owner: cozy_user
--

ALTER TABLE ONLY public.core_propertyimage
    ADD CONSTRAINT core_propertyimage_pkey PRIMARY KEY (id);


--
-- Name: core_sublocation core_sublocation_pkey; Type: CONSTRAINT; Schema: public; Owner: cozy_user
--

ALTER TABLE ONLY public.core_sublocation
    ADD CONSTRAINT core_sublocation_pkey PRIMARY KEY (id);


--
-- Name: core_sublocation core_sublocation_slug_key; Type: CONSTRAINT; Schema: public; Owner: cozy_user
--

ALTER TABLE ONLY public.core_sublocation
    ADD CONSTRAINT core_sublocation_slug_key UNIQUE (slug);


--
-- Name: core_team core_team_pkey; Type: CONSTRAINT; Schema: public; Owner: cozy_user
--

ALTER TABLE ONLY public.core_team
    ADD CONSTRAINT core_team_pkey PRIMARY KEY (id);


--
-- Name: core_towername core_towername_pkey; Type: CONSTRAINT; Schema: public; Owner: cozy_user
--

ALTER TABLE ONLY public.core_towername
    ADD CONSTRAINT core_towername_pkey PRIMARY KEY (id);


--
-- Name: core_towername core_towername_slug_key; Type: CONSTRAINT; Schema: public; Owner: cozy_user
--

ALTER TABLE ONLY public.core_towername
    ADD CONSTRAINT core_towername_slug_key UNIQUE (slug);


--
-- Name: custom_project_projectcomunitydetails custom_project_projectcomunitydetails_pkey; Type: CONSTRAINT; Schema: public; Owner: cozy_user
--

ALTER TABLE ONLY public.custom_project_projectcomunitydetails
    ADD CONSTRAINT custom_project_projectcomunitydetails_pkey PRIMARY KEY (id);


--
-- Name: custom_project_projects custom_project_projects_pkey; Type: CONSTRAINT; Schema: public; Owner: cozy_user
--

ALTER TABLE ONLY public.custom_project_projects
    ADD CONSTRAINT custom_project_projects_pkey PRIMARY KEY (id);


--
-- Name: custom_project_uploadedimage custom_project_uploadedimage_pkey; Type: CONSTRAINT; Schema: public; Owner: cozy_user
--

ALTER TABLE ONLY public.custom_project_uploadedimage
    ADD CONSTRAINT custom_project_uploadedimage_pkey PRIMARY KEY (id);


--
-- Name: django_admin_log django_admin_log_pkey; Type: CONSTRAINT; Schema: public; Owner: cozy_user
--

ALTER TABLE ONLY public.django_admin_log
    ADD CONSTRAINT django_admin_log_pkey PRIMARY KEY (id);


--
-- Name: django_content_type django_content_type_app_label_model_76bd3d3b_uniq; Type: CONSTRAINT; Schema: public; Owner: cozy_user
--

ALTER TABLE ONLY public.django_content_type
    ADD CONSTRAINT django_content_type_app_label_model_76bd3d3b_uniq UNIQUE (app_label, model);


--
-- Name: django_content_type django_content_type_pkey; Type: CONSTRAINT; Schema: public; Owner: cozy_user
--

ALTER TABLE ONLY public.django_content_type
    ADD CONSTRAINT django_content_type_pkey PRIMARY KEY (id);


--
-- Name: django_migrations django_migrations_pkey; Type: CONSTRAINT; Schema: public; Owner: cozy_user
--

ALTER TABLE ONLY public.django_migrations
    ADD CONSTRAINT django_migrations_pkey PRIMARY KEY (id);


--
-- Name: django_session django_session_pkey; Type: CONSTRAINT; Schema: public; Owner: cozy_user
--

ALTER TABLE ONLY public.django_session
    ADD CONSTRAINT django_session_pkey PRIMARY KEY (session_key);


--
-- Name: auth_group_name_a6ea08ec_like; Type: INDEX; Schema: public; Owner: cozy_user
--

CREATE INDEX auth_group_name_a6ea08ec_like ON public.auth_group USING btree (name varchar_pattern_ops);


--
-- Name: auth_group_permissions_group_id_b120cbf9; Type: INDEX; Schema: public; Owner: cozy_user
--

CREATE INDEX auth_group_permissions_group_id_b120cbf9 ON public.auth_group_permissions USING btree (group_id);


--
-- Name: auth_group_permissions_permission_id_84c5c92e; Type: INDEX; Schema: public; Owner: cozy_user
--

CREATE INDEX auth_group_permissions_permission_id_84c5c92e ON public.auth_group_permissions USING btree (permission_id);


--
-- Name: auth_permission_content_type_id_2f476e4b; Type: INDEX; Schema: public; Owner: cozy_user
--

CREATE INDEX auth_permission_content_type_id_2f476e4b ON public.auth_permission USING btree (content_type_id);


--
-- Name: auth_user_groups_group_id_97559544; Type: INDEX; Schema: public; Owner: cozy_user
--

CREATE INDEX auth_user_groups_group_id_97559544 ON public.auth_user_groups USING btree (group_id);


--
-- Name: auth_user_groups_user_id_6a12ed8b; Type: INDEX; Schema: public; Owner: cozy_user
--

CREATE INDEX auth_user_groups_user_id_6a12ed8b ON public.auth_user_groups USING btree (user_id);


--
-- Name: auth_user_user_permissions_permission_id_1fbb5f2c; Type: INDEX; Schema: public; Owner: cozy_user
--

CREATE INDEX auth_user_user_permissions_permission_id_1fbb5f2c ON public.auth_user_user_permissions USING btree (permission_id);


--
-- Name: auth_user_user_permissions_user_id_a95ead1b; Type: INDEX; Schema: public; Owner: cozy_user
--

CREATE INDEX auth_user_user_permissions_user_id_a95ead1b ON public.auth_user_user_permissions USING btree (user_id);


--
-- Name: auth_user_username_6821ab7c_like; Type: INDEX; Schema: public; Owner: cozy_user
--

CREATE INDEX auth_user_username_6821ab7c_like ON public.auth_user USING btree (username varchar_pattern_ops);


--
-- Name: core_appartype_slug_57379d72_like; Type: INDEX; Schema: public; Owner: cozy_user
--

CREATE INDEX core_appartype_slug_57379d72_like ON public.core_appartype USING btree (slug varchar_pattern_ops);


--
-- Name: core_infos_title_eedb512d_like; Type: INDEX; Schema: public; Owner: cozy_user
--

CREATE INDEX core_infos_title_eedb512d_like ON public.core_infos USING btree (title varchar_pattern_ops);


--
-- Name: core_location_slug_09d22b32_like; Type: INDEX; Schema: public; Owner: cozy_user
--

CREATE INDEX core_location_slug_09d22b32_like ON public.core_location USING btree (slug varchar_pattern_ops);


--
-- Name: core_properties_agent_id_1c87d0b9; Type: INDEX; Schema: public; Owner: cozy_user
--

CREATE INDEX core_properties_agent_id_1c87d0b9 ON public.core_properties USING btree (agent_id);


--
-- Name: core_properties_appartment_type_id_5d688d98; Type: INDEX; Schema: public; Owner: cozy_user
--

CREATE INDEX core_properties_appartment_type_id_5d688d98 ON public.core_properties USING btree (appartment_type_id);


--
-- Name: core_properties_location_id_4d1c0bcb; Type: INDEX; Schema: public; Owner: cozy_user
--

CREATE INDEX core_properties_location_id_4d1c0bcb ON public.core_properties USING btree (location_id);


--
-- Name: core_properties_slug_46bbad68_like; Type: INDEX; Schema: public; Owner: cozy_user
--

CREATE INDEX core_properties_slug_46bbad68_like ON public.core_properties USING btree (slug varchar_pattern_ops);


--
-- Name: core_properties_sub_location_id_2308e2f0; Type: INDEX; Schema: public; Owner: cozy_user
--

CREATE INDEX core_properties_sub_location_id_2308e2f0 ON public.core_properties USING btree (sub_location_id);


--
-- Name: core_properties_tower_name_id_754c0d8d; Type: INDEX; Schema: public; Owner: cozy_user
--

CREATE INDEX core_properties_tower_name_id_754c0d8d ON public.core_properties USING btree (tower_name_id);


--
-- Name: core_propertyimage_property_id_86e80a6a; Type: INDEX; Schema: public; Owner: cozy_user
--

CREATE INDEX core_propertyimage_property_id_86e80a6a ON public.core_propertyimage USING btree (property_id);


--
-- Name: core_sublocation_location_id_672d0dc0; Type: INDEX; Schema: public; Owner: cozy_user
--

CREATE INDEX core_sublocation_location_id_672d0dc0 ON public.core_sublocation USING btree (location_id);


--
-- Name: core_sublocation_slug_7db3e5fe_like; Type: INDEX; Schema: public; Owner: cozy_user
--

CREATE INDEX core_sublocation_slug_7db3e5fe_like ON public.core_sublocation USING btree (slug varchar_pattern_ops);


--
-- Name: core_towername_slug_bbf877b1_like; Type: INDEX; Schema: public; Owner: cozy_user
--

CREATE INDEX core_towername_slug_bbf877b1_like ON public.core_towername USING btree (slug varchar_pattern_ops);


--
-- Name: core_towername_sublocation_id_8bd6c4ea; Type: INDEX; Schema: public; Owner: cozy_user
--

CREATE INDEX core_towername_sublocation_id_8bd6c4ea ON public.core_towername USING btree (sublocation_id);


--
-- Name: custom_project_projectcomunitydetails_project_id_67f476a3; Type: INDEX; Schema: public; Owner: cozy_user
--

CREATE INDEX custom_project_projectcomunitydetails_project_id_67f476a3 ON public.custom_project_projectcomunitydetails USING btree (project_id);


--
-- Name: custom_project_uploadedima_project_comunity_details_i_935c82f5; Type: INDEX; Schema: public; Owner: cozy_user
--

CREATE INDEX custom_project_uploadedima_project_comunity_details_i_935c82f5 ON public.custom_project_uploadedimage USING btree (project_comunity_details_id);


--
-- Name: django_admin_log_content_type_id_c4bce8eb; Type: INDEX; Schema: public; Owner: cozy_user
--

CREATE INDEX django_admin_log_content_type_id_c4bce8eb ON public.django_admin_log USING btree (content_type_id);


--
-- Name: django_admin_log_user_id_c564eba6; Type: INDEX; Schema: public; Owner: cozy_user
--

CREATE INDEX django_admin_log_user_id_c564eba6 ON public.django_admin_log USING btree (user_id);


--
-- Name: django_session_expire_date_a5c62663; Type: INDEX; Schema: public; Owner: cozy_user
--

CREATE INDEX django_session_expire_date_a5c62663 ON public.django_session USING btree (expire_date);


--
-- Name: django_session_session_key_c0390e0f_like; Type: INDEX; Schema: public; Owner: cozy_user
--

CREATE INDEX django_session_session_key_c0390e0f_like ON public.django_session USING btree (session_key varchar_pattern_ops);


--
-- Name: auth_group_permissions auth_group_permissio_permission_id_84c5c92e_fk_auth_perm; Type: FK CONSTRAINT; Schema: public; Owner: cozy_user
--

ALTER TABLE ONLY public.auth_group_permissions
    ADD CONSTRAINT auth_group_permissio_permission_id_84c5c92e_fk_auth_perm FOREIGN KEY (permission_id) REFERENCES public.auth_permission(id) DEFERRABLE INITIALLY DEFERRED;


--
-- Name: auth_group_permissions auth_group_permissions_group_id_b120cbf9_fk_auth_group_id; Type: FK CONSTRAINT; Schema: public; Owner: cozy_user
--

ALTER TABLE ONLY public.auth_group_permissions
    ADD CONSTRAINT auth_group_permissions_group_id_b120cbf9_fk_auth_group_id FOREIGN KEY (group_id) REFERENCES public.auth_group(id) DEFERRABLE INITIALLY DEFERRED;


--
-- Name: auth_permission auth_permission_content_type_id_2f476e4b_fk_django_co; Type: FK CONSTRAINT; Schema: public; Owner: cozy_user
--

ALTER TABLE ONLY public.auth_permission
    ADD CONSTRAINT auth_permission_content_type_id_2f476e4b_fk_django_co FOREIGN KEY (content_type_id) REFERENCES public.django_content_type(id) DEFERRABLE INITIALLY DEFERRED;


--
-- Name: auth_user_groups auth_user_groups_group_id_97559544_fk_auth_group_id; Type: FK CONSTRAINT; Schema: public; Owner: cozy_user
--

ALTER TABLE ONLY public.auth_user_groups
    ADD CONSTRAINT auth_user_groups_group_id_97559544_fk_auth_group_id FOREIGN KEY (group_id) REFERENCES public.auth_group(id) DEFERRABLE INITIALLY DEFERRED;


--
-- Name: auth_user_groups auth_user_groups_user_id_6a12ed8b_fk_auth_user_id; Type: FK CONSTRAINT; Schema: public; Owner: cozy_user
--

ALTER TABLE ONLY public.auth_user_groups
    ADD CONSTRAINT auth_user_groups_user_id_6a12ed8b_fk_auth_user_id FOREIGN KEY (user_id) REFERENCES public.auth_user(id) DEFERRABLE INITIALLY DEFERRED;


--
-- Name: auth_user_user_permissions auth_user_user_permi_permission_id_1fbb5f2c_fk_auth_perm; Type: FK CONSTRAINT; Schema: public; Owner: cozy_user
--

ALTER TABLE ONLY public.auth_user_user_permissions
    ADD CONSTRAINT auth_user_user_permi_permission_id_1fbb5f2c_fk_auth_perm FOREIGN KEY (permission_id) REFERENCES public.auth_permission(id) DEFERRABLE INITIALLY DEFERRED;


--
-- Name: auth_user_user_permissions auth_user_user_permissions_user_id_a95ead1b_fk_auth_user_id; Type: FK CONSTRAINT; Schema: public; Owner: cozy_user
--

ALTER TABLE ONLY public.auth_user_user_permissions
    ADD CONSTRAINT auth_user_user_permissions_user_id_a95ead1b_fk_auth_user_id FOREIGN KEY (user_id) REFERENCES public.auth_user(id) DEFERRABLE INITIALLY DEFERRED;


--
-- Name: core_properties core_properties_agent_id_1c87d0b9_fk_core_team_id; Type: FK CONSTRAINT; Schema: public; Owner: cozy_user
--

ALTER TABLE ONLY public.core_properties
    ADD CONSTRAINT core_properties_agent_id_1c87d0b9_fk_core_team_id FOREIGN KEY (agent_id) REFERENCES public.core_team(id) DEFERRABLE INITIALLY DEFERRED;


--
-- Name: core_properties core_properties_appartment_type_id_5d688d98_fk_core_appa; Type: FK CONSTRAINT; Schema: public; Owner: cozy_user
--

ALTER TABLE ONLY public.core_properties
    ADD CONSTRAINT core_properties_appartment_type_id_5d688d98_fk_core_appa FOREIGN KEY (appartment_type_id) REFERENCES public.core_appartype(id) DEFERRABLE INITIALLY DEFERRED;


--
-- Name: core_properties core_properties_location_id_4d1c0bcb_fk_core_location_id; Type: FK CONSTRAINT; Schema: public; Owner: cozy_user
--

ALTER TABLE ONLY public.core_properties
    ADD CONSTRAINT core_properties_location_id_4d1c0bcb_fk_core_location_id FOREIGN KEY (location_id) REFERENCES public.core_location(id) DEFERRABLE INITIALLY DEFERRED;


--
-- Name: core_properties core_properties_sub_location_id_2308e2f0_fk_core_sublocation_id; Type: FK CONSTRAINT; Schema: public; Owner: cozy_user
--

ALTER TABLE ONLY public.core_properties
    ADD CONSTRAINT core_properties_sub_location_id_2308e2f0_fk_core_sublocation_id FOREIGN KEY (sub_location_id) REFERENCES public.core_sublocation(id) DEFERRABLE INITIALLY DEFERRED;


--
-- Name: core_properties core_properties_tower_name_id_754c0d8d_fk_core_towername_id; Type: FK CONSTRAINT; Schema: public; Owner: cozy_user
--

ALTER TABLE ONLY public.core_properties
    ADD CONSTRAINT core_properties_tower_name_id_754c0d8d_fk_core_towername_id FOREIGN KEY (tower_name_id) REFERENCES public.core_towername(id) DEFERRABLE INITIALLY DEFERRED;


--
-- Name: core_propertyimage core_propertyimage_property_id_86e80a6a_fk_core_properties_id; Type: FK CONSTRAINT; Schema: public; Owner: cozy_user
--

ALTER TABLE ONLY public.core_propertyimage
    ADD CONSTRAINT core_propertyimage_property_id_86e80a6a_fk_core_properties_id FOREIGN KEY (property_id) REFERENCES public.core_properties(id) DEFERRABLE INITIALLY DEFERRED;


--
-- Name: core_sublocation core_sublocation_location_id_672d0dc0_fk_core_location_id; Type: FK CONSTRAINT; Schema: public; Owner: cozy_user
--

ALTER TABLE ONLY public.core_sublocation
    ADD CONSTRAINT core_sublocation_location_id_672d0dc0_fk_core_location_id FOREIGN KEY (location_id) REFERENCES public.core_location(id) DEFERRABLE INITIALLY DEFERRED;


--
-- Name: core_towername core_towername_sublocation_id_8bd6c4ea_fk_core_sublocation_id; Type: FK CONSTRAINT; Schema: public; Owner: cozy_user
--

ALTER TABLE ONLY public.core_towername
    ADD CONSTRAINT core_towername_sublocation_id_8bd6c4ea_fk_core_sublocation_id FOREIGN KEY (sublocation_id) REFERENCES public.core_sublocation(id) DEFERRABLE INITIALLY DEFERRED;


--
-- Name: custom_project_projectcomunitydetails custom_project_proje_project_id_67f476a3_fk_custom_pr; Type: FK CONSTRAINT; Schema: public; Owner: cozy_user
--

ALTER TABLE ONLY public.custom_project_projectcomunitydetails
    ADD CONSTRAINT custom_project_proje_project_id_67f476a3_fk_custom_pr FOREIGN KEY (project_id) REFERENCES public.custom_project_projects(id) DEFERRABLE INITIALLY DEFERRED;


--
-- Name: custom_project_uploadedimage custom_project_uploa_project_comunity_det_935c82f5_fk_custom_pr; Type: FK CONSTRAINT; Schema: public; Owner: cozy_user
--

ALTER TABLE ONLY public.custom_project_uploadedimage
    ADD CONSTRAINT custom_project_uploa_project_comunity_det_935c82f5_fk_custom_pr FOREIGN KEY (project_comunity_details_id) REFERENCES public.custom_project_projectcomunitydetails(id) DEFERRABLE INITIALLY DEFERRED;


--
-- Name: django_admin_log django_admin_log_content_type_id_c4bce8eb_fk_django_co; Type: FK CONSTRAINT; Schema: public; Owner: cozy_user
--

ALTER TABLE ONLY public.django_admin_log
    ADD CONSTRAINT django_admin_log_content_type_id_c4bce8eb_fk_django_co FOREIGN KEY (content_type_id) REFERENCES public.django_content_type(id) DEFERRABLE INITIALLY DEFERRED;


--
-- Name: django_admin_log django_admin_log_user_id_c564eba6_fk_auth_user_id; Type: FK CONSTRAINT; Schema: public; Owner: cozy_user
--

ALTER TABLE ONLY public.django_admin_log
    ADD CONSTRAINT django_admin_log_user_id_c564eba6_fk_auth_user_id FOREIGN KEY (user_id) REFERENCES public.auth_user(id) DEFERRABLE INITIALLY DEFERRED;


--
-- PostgreSQL database dump complete
--

